row_id,module,full_relative_path,sha256_v58,screen_or_component_name,route,category,scope_class,is_interactive,raw_color_candidate_count,raw_typography_candidate_count,raw_spacing_candidate_count,raw_shape_candidate_count,confirmed_color_violations,confirmed_typography_violations,confirmed_spacing_violations,confirmed_shape_elevation_violations,confirmed_contract_violations,material_bypass_candidates,confirmed_material_bypasses,suspected_duplicate_count,confirmed_duplicate_count,semantics_gap_count,touch_target_gap_count,color_only_state_gap_count,contract_ids_used,exception_ids,target_session,accessibility_target_session,baseline_status,notes,v61_sha256,v61_status,v61_open_confirmed,v61_new_candidates,v61_notes,v62_sha256,v62_status,v62_open_confirmed,v62_candidates,v62_notes
1,app,app/src/main/kotlin/com/autodrive/app/PermissionsDeniedDialog.kt,06b45ca947cea396c19431068c2a94f2051fc50c0f1491806ac0bd8ff27e1cd8,PermissionsDeniedDialog,NONE,APP_FEATURE,APP_FEATURE,true,0,0,0,0,0,0,0,0,0,0,0,0,0,0,0,0,DS-CMP-001|DS-CMP-003|DS-CMP-020,NONE,v64,v65,CLEAN_AT_BASELINE,touch-target/color-only-state final verification assigned to v65; explicit sub-48 visual size is not treated as confirmed hitbox failure because Material minimum-interactive behavior may expand it,06b45ca947cea396c19431068c2a94f2051fc50c0f1491806ac0bd8ff27e1cd8,UNCHANGED_FROM_V59,INHERITED,INHERITED,Historical v59 row preserved,06b45ca947cea396c19431068c2a94f2051fc50c0f1491806ac0bd8ff27e1cd8,UNCHANGED_FROM_V61,INHERITED,INHERITED,v61 state carried forward; not v62 scope
2,app,app/src/main/kotlin/com/autodrive/app/feature/competition/presentation/WeeklyCompetitionScreen.kt,69fc0bc1c8a2333948b40c2b84000aaa150917ce9d93a820deddfcd9735e5447,WeeklyCompetitionScreen,weekly_competition,COMPETITION,APP_FEATURE,true,0,0,0,0,0,0,0,0,0,1,1,0,0,0,0,0,DS-CMP-001|DS-CMP-002|DS-CMP-010|DS-CMP-012|DS-PAT-001|DS-PAT-013|DS-PAT-014,NONE,v64,v65,DEBT_RECORDED,Material candidates=1; confirmed exact mappings=1; touch-target/color-only-state final verification assigned to v65; explicit sub-48 visual size is not treated as confirmed hitbox failure because Material minimum-interactive behavior may expand it,69fc0bc1c8a2333948b40c2b84000aaa150917ce9d93a820deddfcd9735e5447,UNCHANGED_FROM_V59,INHERITED,INHERITED,Historical v59 row preserved,69fc0bc1c8a2333948b40c2b84000aaa150917ce9d93a820deddfcd9735e5447,UNCHANGED_FROM_V61,INHERITED,INHERITED,v61 state carried forward; not v62 scope
3,app,app/src/main/kotlin/com/autodrive/app/feature/home/presentation/HomeHeroComponents.kt,e5f95dda54d7da9861ada7ac51cf7b591fe90d03acb36f5610fd025d0b554635,HomeHeroComponents,NONE,HOME,APP_FEATURE,true,31,6,41,5,1,1,1,1,3,1,0,0,0,0,0,0,NONE,NONE,v61,v65,DEBT_RECORDED,lexical candidates retained separately from confirmed repeated/shared findings; Material candidates=1; confirmed exact mappings=0; touch-target/color-only-state final verification assigned to v65; explicit sub-48 visual size is not treated as confirmed hitbox failure because Material minimum-interactive behavior may expand it,7aaddb37639e9dd24eb9e26ed5363019095fd86646cb4cdbb2ad902bed7af093,MIGRATED_V61,0,0,HOME_V1 contract accepted; historical v59 fields preserved,7aaddb37639e9dd24eb9e26ed5363019095fd86646cb4cdbb2ad902bed7af093,UNCHANGED_FROM_V61,INHERITED,INHERITED,v61 state carried forward; not v62 scope
4,app,app/src/main/kotlin/com/autodrive/app/feature/home/presentation/HomeScreen.kt,538cfa58e741ba256e365f468cceb2a69b582a4c63a98523e5337f94ec014a27,HomeScreen,home,HOME,APP_FEATURE,true,4,6,17,1,1,1,1,1,4,0,0,1,0,0,0,0,DS-CMP-005|DS-CMP-014,NONE,v61,v65,DEBT_RECORDED,"lexical candidates retained separately from confirmed repeated/shared findings; HomeHeader is a duplicate candidate for ScreenHeader responsibility, but not confirmed DS-DUP because visual/slot contract differs; touch-target/color-only-state final verification assigned to v65; explicit sub-48 visual size is not treated as confirmed hitbox failure because Material minimum-interactive behavior may expand it",07188a8105b509f2443766182387fc3748040510ab35c777313f89b122efcc18,MIGRATED_V61,0,0,HOME_V1 contract accepted; historical v59 fields preserved,07188a8105b509f2443766182387fc3748040510ab35c777313f89b122efcc18,UNCHANGED_FROM_V61,INHERITED,INHERITED,v61 state carried forward; not v62 scope
5,app,app/src/main/kotlin/com/autodrive/app/feature/home/presentation/HomeSupportCards.kt,6c9d3270f2e663b62fa19c57f4f391010a1dc13dad3fb2d8fe511610e97f41d9,HomeSupportCards,NONE,HOME,APP_FEATURE,true,17,9,32,7,1,1,1,1,1,0,0,0,0,0,0,0,NONE,NONE,v61,v65,DEBT_RECORDED,lexical candidates retained separately from confirmed repeated/shared findings; touch-target/color-only-state final verification assigned to v65; explicit sub-48 visual size is not treated as confirmed hitbox failure because Material minimum-interactive behavior may expand it,0ef2f25f24066e7af13ebb280a0040713f9c9d513d0fcd2559011b7f1f035837,MIGRATED_V61,0,0,HOME_V1 contract accepted; historical v59 fields preserved,0ef2f25f24066e7af13ebb280a0040713f9c9d513d0fcd2559011b7f1f035837,UNCHANGED_FROM_V61,INHERITED,INHERITED,v61 state carried forward; not v62 scope
6,app,app/src/main/kotlin/com/autodrive/app/feature/home/presentation/RealtimeStatusBar.kt,a397ff55159c1d86041ded0a1f3513bde47cb1ab9e5b7b5ae84c48bbe8420778,RealtimeStatusBar,NONE,HOME,APP_FEATURE,false,0,0,4,0,0,0,0,0,0,0,0,0,0,0,0,0,NONE,NONE,v61,NOT_APPLICABLE,CLEAN_AT_BASELINE,lexical candidates retained separately from confirmed repeated/shared findings,a397ff55159c1d86041ded0a1f3513bde47cb1ab9e5b7b5ae84c48bbe8420778,VERIFIED_CLEAN_UNCHANGED,0,0,HOME_V1 contract accepted; historical v59 fields preserved,a397ff55159c1d86041ded0a1f3513bde47cb1ab9e5b7b5ae84c48bbe8420778,UNCHANGED_FROM_V61,INHERITED,INHERITED,v61 state carried forward; not v62 scope
7,app,app/src/main/kotlin/com/autodrive/app/feature/info/presentation/AboutAppScreen.kt,302fac510879bf9014a02d9202d2dd0589cb2b12c45d52e4a324350f2324b836,AboutAppScreen,about_app,INFO,APP_FEATURE,true,0,4,37,11,0,0,0,0,0,1,1,0,0,0,0,0,NONE,NONE,v64,v65,DEBT_RECORDED,lexical candidates retained separately from confirmed repeated/shared findings; Material candidates=1; confirmed exact mappings=1; touch-target/color-only-state final verification assigned to v65; explicit sub-48 visual size is not treated as confirmed hitbox failure because Material minimum-interactive behavior may expand it,302fac510879bf9014a02d9202d2dd0589cb2b12c45d52e4a324350f2324b836,UNCHANGED_FROM_V59,INHERITED,INHERITED,Historical v59 row preserved,302fac510879bf9014a02d9202d2dd0589cb2b12c45d52e4a324350f2324b836,UNCHANGED_FROM_V61,INHERITED,INHERITED,v61 state carried forward; not v62 scope
8,app,app/src/main/kotlin/com/autodrive/app/feature/info/presentation/FaqScreen.kt,ec846f455a8ecb44ef05b05ce426e798056ea5fe2ed8b9e6e524e2578e2e10f7,FaqScreen,faq,INFO,APP_FEATURE,true,0,2,23,4,0,0,0,0,0,4,4,0,0,0,0,0,NONE,NONE,v64,v65,DEBT_RECORDED,lexical candidates retained separately from confirmed repeated/shared findings; Material candidates=4; confirmed exact mappings=4; touch-target/color-only-state final verification assigned to v65; explicit sub-48 visual size is not treated as confirmed hitbox failure because Material minimum-interactive behavior may expand it,ec846f455a8ecb44ef05b05ce426e798056ea5fe2ed8b9e6e524e2578e2e10f7,UNCHANGED_FROM_V59,INHERITED,INHERITED,Historical v59 row preserved,ec846f455a8ecb44ef05b05ce426e798056ea5fe2ed8b9e6e524e2578e2e10f7,UNCHANGED_FROM_V61,INHERITED,INHERITED,v61 state carried forward; not v62 scope
9,app,app/src/main/kotlin/com/autodrive/app/feature/info/presentation/PrivacyPolicyScreen.kt,81a72a3603f315b10d8884bdc8d90a5c7927e714f8196502626d31a0e5786115,PrivacyPolicyScreen,privacy_policy,INFO,APP_FEATURE,true,0,2,20,5,0,0,0,0,0,2,2,0,0,0,0,0,NONE,NONE,v64,v65,DEBT_RECORDED,lexical candidates retained separately from confirmed repeated/shared findings; Material candidates=2; confirmed exact mappings=2; touch-target/color-only-state final verification assigned to v65; explicit sub-48 visual size is not treated as confirmed hitbox failure because Material minimum-interactive behavior may expand it,81a72a3603f315b10d8884bdc8d90a5c7927e714f8196502626d31a0e5786115,UNCHANGED_FROM_V59,INHERITED,INHERITED,Historical v59 row preserved,81a72a3603f315b10d8884bdc8d90a5c7927e714f8196502626d31a0e5786115,UNCHANGED_FROM_V61,INHERITED,INHERITED,v61 state carried forward; not v62 scope
10,app,app/src/main/kotlin/com/autodrive/app/feature/reports/presentation/log/ActivityLogScreen.kt,2115a35fd0a9423d7c2f7ba3ba9a8ec2647cf84e0d98b0546a1e97bbf7a22019,ActivityLogScreen,activity_log?filter={filter},REPORTS,APP_FEATURE,true,0,0,0,0,0,0,0,0,3,0,0,0,0,0,0,0,DS-CMP-005|DS-CMP-010|DS-CMP-011|DS-CMP-014|DS-CMP-025|DS-CMP-026|DS-CMP-027|DS-CMP-028|DS-PAT-001|DS-PAT-002|DS-PAT-013|DS-PAT-014,NONE,v62,v65,DEBT_RECORDED,touch-target/color-only-state final verification assigned to v65; explicit sub-48 visual size is not treated as confirmed hitbox failure because Material minimum-interactive behavior may expand it,2115a35fd0a9423d7c2f7ba3ba9a8ec2647cf84e0d98b0546a1e97bbf7a22019,UNCHANGED_FROM_V59,INHERITED,INHERITED,Historical v59 row preserved,5203fa2037e352a427d7d0a826f9bcef1ea6d6edbb59c969f92912fbf57663e1,MIGRATED_V62,0,0,REPORTS_V1 / confirmed Material debt closed in v62; behavior protected
11,app,app/src/main/kotlin/com/autodrive/app/feature/reports/presentation/log/CompetitionHistoryScreen.kt,e584fb76d53b8c19537563bf8c1cf3483c757c7c845262f893755a4b060ac6ae,CompetitionHistoryScreen,competition_history,REPORTS,APP_FEATURE,true,0,2,13,2,0,0,0,0,0,4,2,0,0,0,0,0,DS-PAT-001|DS-PAT-013,NONE,v62,v65,DEBT_RECORDED,lexical candidates retained separately from confirmed repeated/shared findings; Material candidates=4; confirmed exact mappings=2; touch-target/color-only-state final verification assigned to v65; explicit sub-48 visual size is not treated as confirmed hitbox failure because Material minimum-interactive behavior may expand it,e584fb76d53b8c19537563bf8c1cf3483c757c7c845262f893755a4b060ac6ae,UNCHANGED_FROM_V59,INHERITED,INHERITED,Historical v59 row preserved,dd631020d684b1810081e123558ce1dfb0f2485e47d72e920359bf5c489dbb96,MIGRATED_V62,0,2,REPORTS_V1 / confirmed Material debt closed in v62; behavior protected
12,app,app/src/main/kotlin/com/autodrive/app/feature/reports/presentation/log/InvoiceDetailScreen.kt,2b6e3ce9dd789f068b20dfc3b2db65be237466a8f73e69607dd27c5ab514eb89,InvoiceDetailScreen,invoice_detail/{invoiceId},REPORTS,APP_FEATURE,true,0,0,23,6,0,0,0,0,0,5,3,0,0,0,0,0,NONE,NONE,v62,v65,DEBT_RECORDED,lexical candidates retained separately from confirmed repeated/shared findings; Material candidates=5; confirmed exact mappings=3; touch-target/color-only-state final verification assigned to v65; explicit sub-48 visual size is not treated as confirmed hitbox failure because Material minimum-interactive behavior may expand it,2b6e3ce9dd789f068b20dfc3b2db65be237466a8f73e69607dd27c5ab514eb89,UNCHANGED_FROM_V59,INHERITED,INHERITED,Historical v59 row preserved,bfc01fc7c856a542f550368a72fb6b142ab8381cbf422380919edb6c8f72d79c,MIGRATED_V62,0,2,REPORTS_V1 / confirmed Material debt closed in v62; behavior protected
13,app,app/src/main/kotlin/com/autodrive/app/feature/reports/presentation/log/InvoiceListScreen.kt,f343fa5afbbeef5a0a7e440e09d957e98988fe9d8a02d2f2fcb67e2f3e4452dd,InvoiceListScreen,invoice_list?weekMode={weekMode},REPORTS,APP_FEATURE,true,0,0,10,2,0,0,0,0,0,1,1,0,0,0,0,0,DS-PAT-001,NONE,v62,v65,DEBT_RECORDED,lexical candidates retained separately from confirmed repeated/shared findings; Material candidates=1; confirmed exact mappings=1; touch-target/color-only-state final verification assigned to v65; explicit sub-48 visual size is not treated as confirmed hitbox failure because Material minimum-interactive behavior may expand it,f343fa5afbbeef5a0a7e440e09d957e98988fe9d8a02d2f2fcb67e2f3e4452dd,UNCHANGED_FROM_V59,INHERITED,INHERITED,Historical v59 row preserved,3f48ececeb4d0bb9015d1373430bd89749af253cf51ec5f9ff9a07f072da46c9,MIGRATED_V62,0,0,REPORTS_V1 / confirmed Material debt closed in v62; behavior protected
14,app,app/src/main/kotlin/com/autodrive/app/feature/reports/presentation/log/WeeklyCommissionsScreen.kt,0c34b796f7c0f5ef802b41a64eee194efdb76ced1bbcd9330df938b45595ec42,WeeklyCommissionsScreen,weekly_commissions,REPORTS,APP_FEATURE,true,0,0,11,2,0,0,0,0,0,1,1,0,0,0,0,0,DS-PAT-001,NONE,v62,v65,DEBT_RECORDED,lexical candidates retained separately from confirmed repeated/shared findings; Material candidates=1; confirmed exact mappings=1; touch-target/color-only-state final verification assigned to v65; explicit sub-48 visual size is not treated as confirmed hitbox failure because Material minimum-interactive behavior may expand it,0c34b796f7c0f5ef802b41a64eee194efdb76ced1bbcd9330df938b45595ec42,UNCHANGED_FROM_V59,INHERITED,INHERITED,Historical v59 row preserved,44d4433434c00d537f0eaf2382e1b9ea2351ff68b1263505c87529e513efd885,MIGRATED_V62,0,0,REPORTS_V1 / confirmed Material debt closed in v62; behavior protected
15,app,app/src/main/kotlin/com/autodrive/app/feature/reports/presentation/log/WinWeeksScreen.kt,be26af99b1a84fef2f4f227ca7f11447ba9103f259aebdeb83879a8922e0fb90,WinWeeksScreen,win_weeks,REPORTS,APP_FEATURE,true,0,2,12,2,0,0,0,0,0,1,0,0,0,0,0,0,DS-PAT-001|DS-PAT-013,NONE,v62,v65,CLEAN_AT_BASELINE,lexical candidates retained separately from confirmed repeated/shared findings; Material candidates=1; confirmed exact mappings=0; touch-target/color-only-state final verification assigned to v65; explicit sub-48 visual size is not treated as confirmed hitbox failure because Material minimum-interactive behavior may expand it,be26af99b1a84fef2f4f227ca7f11447ba9103f259aebdeb83879a8922e0fb90,UNCHANGED_FROM_V59,INHERITED,INHERITED,Historical v59 row preserved,be26af99b1a84fef2f4f227ca7f11447ba9103f259aebdeb83879a8922e0fb90,VERIFIED_CLEAN_CARRY_FORWARD,0,1,CLEAN_AT_BASELINE carried forward; production hash unchanged; CPI remains accepted candidate
16,app,app/src/main/kotlin/com/autodrive/app/feature/reports/presentation/recent/RecentActivityScreen.kt,61958995f7f3a34aa253e1410de7aec42e1f2fa6312fe77e70770f51bd39365f,RecentActivityScreen,recent_activity?newChat={newChat},CONVERSATIONS,APP_FEATURE,true,0,0,0,0,0,0,0,0,0,0,0,0,0,0,0,0,DS-CMP-005|DS-CMP-007|DS-CMP-014|DS-CMP-019|DS-PAT-001|DS-PAT-004|DS-PAT-012|DS-PAT-013|DS-PAT-014,NONE,v64,v65,CLEAN_AT_BASELINE,touch-target/color-only-state final verification assigned to v65; explicit sub-48 visual size is not treated as confirmed hitbox failure because Material minimum-interactive behavior may expand it,61958995f7f3a34aa253e1410de7aec42e1f2fa6312fe77e70770f51bd39365f,UNCHANGED_FROM_V59,INHERITED,INHERITED,Historical v59 row preserved,61958995f7f3a34aa253e1410de7aec42e1f2fa6312fe77e70770f51bd39365f,UNCHANGED_FROM_V61,INHERITED,INHERITED,v61 state carried forward; not v62 scope
17,app,app/src/main/kotlin/com/autodrive/app/navigation/AppNavigation.kt,38f1f56444c74eb9b4322732996c9cf8ccfc5a64c6db798155d474aa9ef32b2b,AppNavigation,NONE,APP_SHELL,APP_FEATURE,false,0,0,0,0,0,0,0,0,0,0,0,0,0,0,0,0,NONE,NONE,v64,NOT_APPLICABLE,CLEAN_AT_BASELINE,No baseline debt confirmed by v59 static classification.,38f1f56444c74eb9b4322732996c9cf8ccfc5a64c6db798155d474aa9ef32b2b,UNCHANGED_FROM_V59,INHERITED,INHERITED,Historical v59 row preserved,38f1f56444c74eb9b4322732996c9cf8ccfc5a64c6db798155d474aa9ef32b2b,UNCHANGED_FROM_V61,INHERITED,INHERITED,v61 state carried forward; not v62 scope
18,core,core/designsystem/src/main/kotlin/com/autodrive/app/core/designsystem/components/actions/ActionComponents.kt,dc28cd3efe428f3c01b82b81fcc2256d651562909daf95cd4dd43c1e81f2598a,ActionComponents,NONE,DESIGN_SYSTEM_COMPONENT,DESIGN_SYSTEM,true,0,0,8,0,0,0,0,0,0,0,0,0,0,0,0,0,DS-CMP-001|DS-CMP-002|DS-CMP-003|DS-CMP-004|DS-CMP-005,NONE,v66,v65,CONTRACT_PROVIDER,lexical candidates retained separately from confirmed repeated/shared findings; touch-target/color-only-state final verification assigned to v65; explicit sub-48 visual size is not treated as confirmed hitbox failure because Material minimum-interactive behavior may expand it,dc28cd3efe428f3c01b82b81fcc2256d651562909daf95cd4dd43c1e81f2598a,UNCHANGED_FROM_V59,INHERITED,INHERITED,Historical v59 row preserved,dc28cd3efe428f3c01b82b81fcc2256d651562909daf95cd4dd43c1e81f2598a,UNCHANGED_FROM_V61,INHERITED,INHERITED,v61 state carried forward; not v62 scope
19,core,core/designsystem/src/main/kotlin/com/autodrive/app/core/designsystem/components/containers/ContainerComponents.kt,3ea564017e0dfe6d1922c9774caafe1d8ef1070f11c8fbd77cd1ffd2c7c9dd1c,ContainerComponents,NONE,DESIGN_SYSTEM_COMPONENT,DESIGN_SYSTEM,true,0,0,0,0,0,0,0,0,0,0,0,0,0,0,0,0,DS-CMP-010|DS-CMP-011|DS-CMP-012|DS-CMP-013,NONE,v66,v65,CONTRACT_PROVIDER,touch-target/color-only-state final verification assigned to v65; explicit sub-48 visual size is not treated as confirmed hitbox failure because Material minimum-interactive behavior may expand it,3ea564017e0dfe6d1922c9774caafe1d8ef1070f11c8fbd77cd1ffd2c7c9dd1c,UNCHANGED_FROM_V59,INHERITED,INHERITED,Historical v59 row preserved,3ea564017e0dfe6d1922c9774caafe1d8ef1070f11c8fbd77cd1ffd2c7c9dd1c,UNCHANGED_FROM_V61,INHERITED,INHERITED,v61 state carried forward; not v62 scope
20,core,core/designsystem/src/main/kotlin/com/autodrive/app/core/designsystem/components/data/DataComponents.kt,102703f69a4b7bac0cc08a7561630f325bfee0171e15166f8d4487577537db99,DataComponents,NONE,DESIGN_SYSTEM_COMPONENT,DESIGN_SYSTEM,true,0,0,16,0,0,0,0,0,0,0,0,0,0,0,0,0,DS-CMP-024|DS-CMP-025|DS-CMP-026|DS-CMP-027|DS-CMP-028|DS-CMP-029|DS-CMP-030|DS-CMP-031,NONE,v66,v65,CONTRACT_PROVIDER,lexical candidates retained separately from confirmed repeated/shared findings; touch-target/color-only-state final verification assigned to v65; explicit sub-48 visual size is not treated as confirmed hitbox failure because Material minimum-interactive behavior may expand it,102703f69a4b7bac0cc08a7561630f325bfee0171e15166f8d4487577537db99,UNCHANGED_FROM_V59,INHERITED,INHERITED,Historical v59 row preserved,102703f69a4b7bac0cc08a7561630f325bfee0171e15166f8d4487577537db99,UNCHANGED_FROM_V61,INHERITED,INHERITED,v61 state carried forward; not v62 scope
21,core,core/designsystem/src/main/kotlin/com/autodrive/app/core/designsystem/components/feedback/FeedbackComponents.kt,3848eea77a1d518baab3931d2cb125fc5f078b5d16159ac3365189e794932498,FeedbackComponents,NONE,DESIGN_SYSTEM_COMPONENT,DESIGN_SYSTEM,true,0,0,10,1,0,0,0,0,0,0,0,0,0,0,0,0,DS-CMP-017|DS-CMP-018|DS-CMP-019|DS-CMP-020|DS-CMP-021|DS-CMP-022|DS-CMP-023,NONE,v66,v65,CONTRACT_PROVIDER,lexical candidates retained separately from confirmed repeated/shared findings; touch-target/color-only-state final verification assigned to v65; explicit sub-48 visual size is not treated as confirmed hitbox failure because Material minimum-interactive behavior may expand it,3848eea77a1d518baab3931d2cb125fc5f078b5d16159ac3365189e794932498,UNCHANGED_FROM_V59,INHERITED,INHERITED,Historical v59 row preserved,3848eea77a1d518baab3931d2cb125fc5f078b5d16159ac3365189e794932498,UNCHANGED_FROM_V61,INHERITED,INHERITED,v61 state carried forward; not v62 scope
22,core,core/designsystem/src/main/kotlin/com/autodrive/app/core/designsystem/components/inputs/InputComponents.kt,164789512b062fe2bc300115f12a1101e1b0cee53baeb582b09fa2deb9caddca,InputComponents,NONE,DESIGN_SYSTEM_COMPONENT,DESIGN_SYSTEM,true,0,0,2,0,0,0,0,0,0,0,0,0,0,0,0,0,DS-CMP-006|DS-CMP-007|DS-CMP-008|DS-CMP-009,NONE,v66,v65,CONTRACT_PROVIDER,lexical candidates retained separately from confirmed repeated/shared findings; touch-target/color-only-state final verification assigned to v65; explicit sub-48 visual size is not treated as confirmed hitbox failure because Material minimum-interactive behavior may expand it,164789512b062fe2bc300115f12a1101e1b0cee53baeb582b09fa2deb9caddca,UNCHANGED_FROM_V59,INHERITED,INHERITED,Historical v59 row preserved,164789512b062fe2bc300115f12a1101e1b0cee53baeb582b09fa2deb9caddca,UNCHANGED_FROM_V61,INHERITED,INHERITED,v61 state carried forward; not v62 scope
23,core,core/designsystem/src/main/kotlin/com/autodrive/app/core/designsystem/components/navigation/NavigationComponents.kt,75f9522969fc76bae8a04869b3f2e88038648919a4f6fd8852471f9f57806538,NavigationComponents,NONE,DESIGN_SYSTEM_COMPONENT,DESIGN_SYSTEM,true,0,0,8,1,0,0,0,0,0,0,0,0,0,0,0,0,DS-CMP-014|DS-CMP-015|DS-CMP-016|DS-CMP-017,NONE,v66,v65,CONTRACT_PROVIDER,lexical candidates retained separately from confirmed repeated/shared findings; touch-target/color-only-state final verification assigned to v65; explicit sub-48 visual size is not treated as confirmed hitbox failure because Material minimum-interactive behavior may expand it,75f9522969fc76bae8a04869b3f2e88038648919a4f6fd8852471f9f57806538,UNCHANGED_FROM_V59,INHERITED,INHERITED,Historical v59 row preserved,75f9522969fc76bae8a04869b3f2e88038648919a4f6fd8852471f9f57806538,UNCHANGED_FROM_V61,INHERITED,INHERITED,v61 state carried forward; not v62 scope
24,core,core/designsystem/src/main/kotlin/com/autodrive/app/core/designsystem/patterns/conversation/ConversationItem.kt,9067e96250cb5466ec08d1d6289dd9c72952a962b07570b64e5270f689715fd4,ConversationItem,NONE,DESIGN_SYSTEM_PATTERN,DESIGN_SYSTEM,true,0,0,0,0,0,0,0,0,0,0,0,0,0,0,0,0,DS-CMP-010|DS-CMP-017|DS-CMP-024|DS-CMP-025|DS-PAT-004,NONE,v66,v65,CONTRACT_PROVIDER,touch-target/color-only-state final verification assigned to v65; explicit sub-48 visual size is not treated as confirmed hitbox failure because Material minimum-interactive behavior may expand it,9067e96250cb5466ec08d1d6289dd9c72952a962b07570b64e5270f689715fd4,UNCHANGED_FROM_V59,INHERITED,INHERITED,Historical v59 row preserved,9067e96250cb5466ec08d1d6289dd9c72952a962b07570b64e5270f689715fd4,UNCHANGED_FROM_V61,INHERITED,INHERITED,v61 state carried forward; not v62 scope
25,core,core/designsystem/src/main/kotlin/com/autodrive/app/core/designsystem/patterns/dashboard/DashboardHero.kt,5201239479da2ae8cd80457cf148fa605b9ae831a06be51972095d9bf846c087,DashboardHero,NONE,DESIGN_SYSTEM_PATTERN,DESIGN_SYSTEM,false,0,0,0,0,0,0,0,0,0,0,0,0,0,0,0,0,DS-CMP-012|DS-CMP-028|DS-PAT-002,NONE,v66,NOT_APPLICABLE,CONTRACT_PROVIDER,No baseline debt confirmed by v59 static classification.,5201239479da2ae8cd80457cf148fa605b9ae831a06be51972095d9bf846c087,UNCHANGED_FROM_V59,INHERITED,INHERITED,Historical v59 row preserved,5201239479da2ae8cd80457cf148fa605b9ae831a06be51972095d9bf846c087,UNCHANGED_FROM_V61,INHERITED,INHERITED,v61 state carried forward; not v62 scope
26,core,core/designsystem/src/main/kotlin/com/autodrive/app/core/designsystem/patterns/finance/FinancePatterns.kt,0ff8fee441e8c889e05dba015101ac792fb984340a245b13c26c24ce72e56275,FinancePatterns,NONE,DESIGN_SYSTEM_PATTERN,DESIGN_SYSTEM,true,0,0,0,0,0,0,0,0,0,0,0,0,0,0,0,0,DS-CMP-001|DS-CMP-002|DS-CMP-013|DS-CMP-018|DS-CMP-025|DS-CMP-028|DS-PAT-005|DS-PAT-006,NONE,v66,v65,CONTRACT_PROVIDER,touch-target/color-only-state final verification assigned to v65; explicit sub-48 visual size is not treated as confirmed hitbox failure because Material minimum-interactive behavior may expand it,0ff8fee441e8c889e05dba015101ac792fb984340a245b13c26c24ce72e56275,UNCHANGED_FROM_V59,INHERITED,INHERITED,Historical v59 row preserved,0ff8fee441e8c889e05dba015101ac792fb984340a245b13c26c24ce72e56275,UNCHANGED_FROM_V61,INHERITED,INHERITED,v61 state carried forward; not v62 scope
27,core,core/designsystem/src/main/kotlin/com/autodrive/app/core/designsystem/patterns/header/ScreenHeader.kt,786ad8af838cdfd6214b38edd9ac309b29f391362f4a82cc698392c021bcbebc,ScreenHeader,NONE,DESIGN_SYSTEM_PATTERN,DESIGN_SYSTEM,true,0,0,0,0,0,0,0,0,0,0,0,0,0,0,0,0,DS-CMP-015|DS-CMP-016|DS-PAT-001,NONE,v66,v65,CONTRACT_PROVIDER,touch-target/color-only-state final verification assigned to v65; explicit sub-48 visual size is not treated as confirmed hitbox failure because Material minimum-interactive behavior may expand it,786ad8af838cdfd6214b38edd9ac309b29f391362f4a82cc698392c021bcbebc,UNCHANGED_FROM_V59,INHERITED,INHERITED,Historical v59 row preserved,786ad8af838cdfd6214b38edd9ac309b29f391362f4a82cc698392c021bcbebc,UNCHANGED_FROM_V61,INHERITED,INHERITED,v61 state carried forward; not v62 scope
28,core,core/designsystem/src/main/kotlin/com/autodrive/app/core/designsystem/patterns/media/MediaActionGroup.kt,b5b71f1458133fcdb6d266c32f3dac010f46ec971e16c0c2669edb513f84b0f3,MediaActionGroup,NONE,DESIGN_SYSTEM_PATTERN,DESIGN_SYSTEM,false,0,0,0,0,0,0,0,0,0,0,0,0,0,0,0,0,DS-CMP-004|DS-CMP-010|DS-CMP-013|DS-CMP-029|DS-PAT-010,NONE,v66,NOT_APPLICABLE,CONTRACT_PROVIDER,No baseline debt confirmed by v59 static classification.,b5b71f1458133fcdb6d266c32f3dac010f46ec971e16c0c2669edb513f84b0f3,UNCHANGED_FROM_V59,INHERITED,INHERITED,Historical v59 row preserved,b5b71f1458133fcdb6d266c32f3dac010f46ec971e16c0c2669edb513f84b0f3,UNCHANGED_FROM_V61,INHERITED,INHERITED,v61 state carried forward; not v62 scope
29,core,core/designsystem/src/main/kotlin/com/autodrive/app/core/designsystem/patterns/metrics/MetricSummary.kt,318f9cb8289432bc4269daa942e131473ce3b43ce9ce17879df525b736b1b144,MetricSummary,NONE,DESIGN_SYSTEM_PATTERN,DESIGN_SYSTEM,true,0,0,0,0,0,0,0,0,0,0,0,0,0,0,0,0,DS-CMP-011|DS-CMP-026|DS-PAT-003,NONE,v66,v65,CONTRACT_PROVIDER,touch-target/color-only-state final verification assigned to v65; explicit sub-48 visual size is not treated as confirmed hitbox failure because Material minimum-interactive behavior may expand it,318f9cb8289432bc4269daa942e131473ce3b43ce9ce17879df525b736b1b144,UNCHANGED_FROM_V59,INHERITED,INHERITED,Historical v59 row preserved,318f9cb8289432bc4269daa942e131473ce3b43ce9ce17879df525b736b1b144,UNCHANGED_FROM_V61,INHERITED,INHERITED,v61 state carried forward; not v62 scope
30,core,core/designsystem/src/main/kotlin/com/autodrive/app/core/designsystem/patterns/reports/ReportStatTile.kt,a2f0718e4531e3f9885319c1f39b2a4cb5beaa01912df582b26be2e3fefc901e,ReportStatTile,NONE,DESIGN_SYSTEM_PATTERN,DESIGN_SYSTEM,true,0,0,0,0,0,0,0,0,0,0,0,0,0,0,0,0,DS-CMP-011|DS-PAT-009,NONE,v66,v65,CONTRACT_PROVIDER,touch-target/color-only-state final verification assigned to v65; explicit sub-48 visual size is not treated as confirmed hitbox failure because Material minimum-interactive behavior may expand it,a2f0718e4531e3f9885319c1f39b2a4cb5beaa01912df582b26be2e3fefc901e,UNCHANGED_FROM_V59,INHERITED,INHERITED,Historical v59 row preserved,a2f0718e4531e3f9885319c1f39b2a4cb5beaa01912df582b26be2e3fefc901e,UNCHANGED_FROM_V61,INHERITED,INHERITED,v61 state carried forward; not v62 scope
31,core,core/designsystem/src/main/kotlin/com/autodrive/app/core/designsystem/patterns/search/SearchResultsList.kt,be7b9ec85db7109acc3204c6fc43cab7cb871efce5ce23a3a7276caf496dda14,SearchResultsList,NONE,DESIGN_SYSTEM_PATTERN,DESIGN_SYSTEM,false,0,0,0,0,0,0,0,0,0,0,0,0,0,0,0,0,DS-CMP-007|DS-CMP-022|DS-CMP-023|DS-PAT-011,NONE,v66,NOT_APPLICABLE,CONTRACT_PROVIDER,No baseline debt confirmed by v59 static classification.,be7b9ec85db7109acc3204c6fc43cab7cb871efce5ce23a3a7276caf496dda14,UNCHANGED_FROM_V59,INHERITED,INHERITED,Historical v59 row preserved,be7b9ec85db7109acc3204c6fc43cab7cb871efce5ce23a3a7276caf496dda14,UNCHANGED_FROM_V61,INHERITED,INHERITED,v61 state carried forward; not v62 scope
32,core,core/designsystem/src/main/kotlin/com/autodrive/app/core/designsystem/patterns/settings/SettingsPatterns.kt,09175af564c30693a1f78b1f2025b80e7a068a62d7181487469a1b6aae9c4eb5,SettingsPatterns,NONE,DESIGN_SYSTEM_PATTERN,DESIGN_SYSTEM,true,0,0,0,0,0,0,0,0,1,0,0,0,0,0,0,0,DS-CMP-010|DS-CMP-018|DS-CMP-025|DS-CMP-026|DS-CMP-027|DS-PAT-007|DS-PAT-008,NONE,v63,v65,DEBT_RECORDED,touch-target/color-only-state final verification assigned to v65; explicit sub-48 visual size is not treated as confirmed hitbox failure because Material minimum-interactive behavior may expand it,09175af564c30693a1f78b1f2025b80e7a068a62d7181487469a1b6aae9c4eb5,UNCHANGED_FROM_V59,INHERITED,INHERITED,Historical v59 row preserved,09175af564c30693a1f78b1f2025b80e7a068a62d7181487469a1b6aae9c4eb5,UNCHANGED_FROM_V61,INHERITED,INHERITED,v61 state carried forward; not v62 scope
33,core,core/designsystem/src/main/kotlin/com/autodrive/app/core/designsystem/patterns/state/StateScreens.kt,8d8a2261d907ed8b69dadd141da3f7908c9f13c19653c145268c47a382037a44,StateScreens,NONE,DESIGN_SYSTEM_PATTERN,DESIGN_SYSTEM,true,0,0,0,0,0,0,0,0,0,0,0,0,0,0,0,0,DS-CMP-001|DS-CMP-022|DS-CMP-023|DS-PAT-012|DS-PAT-013|DS-PAT-014,NONE,v66,v65,CONTRACT_PROVIDER,touch-target/color-only-state final verification assigned to v65; explicit sub-48 visual size is not treated as confirmed hitbox failure because Material minimum-interactive behavior may expand it,8d8a2261d907ed8b69dadd141da3f7908c9f13c19653c145268c47a382037a44,UNCHANGED_FROM_V59,INHERITED,INHERITED,Historical v59 row preserved,8d8a2261d907ed8b69dadd141da3f7908c9f13c19653c145268c47a382037a44,UNCHANGED_FROM_V61,INHERITED,INHERITED,v61 state carried forward; not v62 scope
34,core,core/designsystem/src/main/kotlin/com/autodrive/app/core/designsystem/theme/Theme.kt,3098f1bd00a70be1bd4db80a3fbf219948560991fc895016d4913e612233c0b6,Theme,NONE,DESIGN_SYSTEM_THEME,DESIGN_SYSTEM,false,0,0,0,0,0,0,0,0,0,0,0,0,0,0,0,0,NONE,NONE,v66,NOT_APPLICABLE,CONTRACT_PROVIDER,No baseline debt confirmed by v59 static classification.,3098f1bd00a70be1bd4db80a3fbf219948560991fc895016d4913e612233c0b6,UNCHANGED_FROM_V59,INHERITED,INHERITED,Historical v59 row preserved,3098f1bd00a70be1bd4db80a3fbf219948560991fc895016d4913e612233c0b6,UNCHANGED_FROM_V61,INHERITED,INHERITED,v61 state carried forward; not v62 scope
35,feature,feature/auth/src/main/kotlin/com/autodrive/app/feature/auth/presentation/join/CodeInputScreen.kt,2c7124596398d941629a401e8dc94e44b4cf6448b6e3f608097e492e0ec8aacc,CodeInputScreen,code_input,AUTH,APP_FEATURE,true,0,1,16,1,0,0,0,0,0,3,3,0,0,0,0,0,DS-CMP-001,NONE,v64,v65,DEBT_RECORDED,lexical candidates retained separately from confirmed repeated/shared findings; Material candidates=3; confirmed exact mappings=3; touch-target/color-only-state final verification assigned to v65; explicit sub-48 visual size is not treated as confirmed hitbox failure because Material minimum-interactive behavior may expand it,2c7124596398d941629a401e8dc94e44b4cf6448b6e3f608097e492e0ec8aacc,UNCHANGED_FROM_V59,INHERITED,INHERITED,Historical v59 row preserved,2c7124596398d941629a401e8dc94e44b4cf6448b6e3f608097e492e0ec8aacc,UNCHANGED_FROM_V61,INHERITED,INHERITED,v61 state carried forward; not v62 scope
36,feature,feature/auth/src/main/kotlin/com/autodrive/app/feature/auth/presentation/join/WaitingScreen.kt,0f77936bd7f2469be778839d5d81263b6b451aa4196dfff2ac737c13977a7fa8,WaitingScreen,waiting,AUTH,APP_FEATURE,true,0,0,13,0,0,0,0,0,0,1,1,0,0,0,0,0,DS-CMP-001|DS-CMP-010,NONE,v64,v65,DEBT_RECORDED,lexical candidates retained separately from confirmed repeated/shared findings; Material candidates=1; confirmed exact mappings=1; touch-target/color-only-state final verification assigned to v65; explicit sub-48 visual size is not treated as confirmed hitbox failure because Material minimum-interactive behavior may expand it,0f77936bd7f2469be778839d5d81263b6b451aa4196dfff2ac737c13977a7fa8,UNCHANGED_FROM_V59,INHERITED,INHERITED,Historical v59 row preserved,0f77936bd7f2469be778839d5d81263b6b451aa4196dfff2ac737c13977a7fa8,UNCHANGED_FROM_V61,INHERITED,INHERITED,v61 state carried forward; not v62 scope
37,feature,feature/auth/src/main/kotlin/com/autodrive/app/feature/auth/presentation/join/WelcomeScreen.kt,8f1f3fcb23b01482f965489740f47be4e5614e95585029c4bf5083a69883a09d,WelcomeScreen,welcome,AUTH,APP_FEATURE,true,0,0,3,0,0,0,0,0,0,0,0,0,0,0,0,0,DS-CMP-001,NONE,v64,v65,CLEAN_AT_BASELINE,lexical candidates retained separately from confirmed repeated/shared findings; touch-target/color-only-state final verification assigned to v65; explicit sub-48 visual size is not treated as confirmed hitbox failure because Material minimum-interactive behavior may expand it,8f1f3fcb23b01482f965489740f47be4e5614e95585029c4bf5083a69883a09d,UNCHANGED_FROM_V59,INHERITED,INHERITED,Historical v59 row preserved,8f1f3fcb23b01482f965489740f47be4e5614e95585029c4bf5083a69883a09d,UNCHANGED_FROM_V61,INHERITED,INHERITED,v61 state carried forward; not v62 scope
38,feature,feature/auth/src/main/kotlin/com/autodrive/app/feature/auth/presentation/login/LoginScreen.kt,c1e8e9abd9e41553e65f519972e830bce13dc06928b6c17b5d4e5249acfddd3a,LoginScreen,NONE,AUTH,APP_FEATURE,true,0,1,10,1,0,0,0,0,0,0,0,0,0,0,0,0,DS-CMP-001|DS-CMP-003|DS-CMP-024,NONE,v64,v65,CLEAN_AT_BASELINE,lexical candidates retained separately from confirmed repeated/shared findings; touch-target/color-only-state final verification assigned to v65; explicit sub-48 visual size is not treated as confirmed hitbox failure because Material minimum-interactive behavior may expand it,c1e8e9abd9e41553e65f519972e830bce13dc06928b6c17b5d4e5249acfddd3a,UNCHANGED_FROM_V59,INHERITED,INHERITED,Historical v59 row preserved,c1e8e9abd9e41553e65f519972e830bce13dc06928b6c17b5d4e5249acfddd3a,UNCHANGED_FROM_V61,INHERITED,INHERITED,v61 state carried forward; not v62 scope
39,feature,feature/auth/src/main/kotlin/com/autodrive/app/feature/auth/presentation/login/OtpInputScreen.kt,95f367e4d61da485ee1d469dea74669f9c0646e3877ba217e622eb5dcdade924,OtpInputScreen,otp_input/{phoneNumber}?devOtp={devOtp},AUTH,APP_FEATURE,true,0,1,25,5,0,0,0,0,0,1,1,0,0,0,0,0,NONE,NONE,v64,v65,DEBT_RECORDED,lexical candidates retained separately from confirmed repeated/shared findings; Material candidates=1; confirmed exact mappings=1; touch-target/color-only-state final verification assigned to v65; explicit sub-48 visual size is not treated as confirmed hitbox failure because Material minimum-interactive behavior may expand it,95f367e4d61da485ee1d469dea74669f9c0646e3877ba217e622eb5dcdade924,UNCHANGED_FROM_V59,INHERITED,INHERITED,Historical v59 row preserved,95f367e4d61da485ee1d469dea74669f9c0646e3877ba217e622eb5dcdade924,UNCHANGED_FROM_V61,INHERITED,INHERITED,v61 state carried forward; not v62 scope
40,feature,feature/auth/src/main/kotlin/com/autodrive/app/feature/auth/presentation/login/PhoneInputScreen.kt,6155413d2889d8dad7f739a3ae99867cb24a91bbd2dbe7b633b5f30344497f8d,PhoneInputScreen,phone_input,AUTH,APP_FEATURE,true,0,1,12,1,0,0,0,0,0,2,2,0,0,0,0,0,DS-CMP-001,NONE,v64,v65,DEBT_RECORDED,lexical candidates retained separately from confirmed repeated/shared findings; Material candidates=2; confirmed exact mappings=2; touch-target/color-only-state final verification assigned to v65; explicit sub-48 visual size is not treated as confirmed hitbox failure because Material minimum-interactive behavior may expand it,6155413d2889d8dad7f739a3ae99867cb24a91bbd2dbe7b633b5f30344497f8d,UNCHANGED_FROM_V59,INHERITED,INHERITED,Historical v59 row preserved,6155413d2889d8dad7f739a3ae99867cb24a91bbd2dbe7b633b5f30344497f8d,UNCHANGED_FROM_V61,INHERITED,INHERITED,v61 state carried forward; not v62 scope
41,feature,feature/auth/src/main/kotlin/com/autodrive/app/feature/auth/presentation/login/TermsScreen.kt,e28cf7dd94d21f9553c1c00884c46316d2a96f0e3b7cd003fdec92c2a36f04a5,TermsScreen,NONE,AUTH,APP_FEATURE,true,0,1,9,2,0,0,0,0,0,1,1,0,0,0,0,0,DS-CMP-001,NONE,v64,v65,DEBT_RECORDED,lexical candidates retained separately from confirmed repeated/shared findings; Material candidates=1; confirmed exact mappings=1; touch-target/color-only-state final verification assigned to v65; explicit sub-48 visual size is not treated as confirmed hitbox failure because Material minimum-interactive behavior may expand it,e28cf7dd94d21f9553c1c00884c46316d2a96f0e3b7cd003fdec92c2a36f04a5,UNCHANGED_FROM_V59,INHERITED,INHERITED,Historical v59 row preserved,e28cf7dd94d21f9553c1c00884c46316d2a96f0e3b7cd003fdec92c2a36f04a5,UNCHANGED_FROM_V61,INHERITED,INHERITED,v61 state carried forward; not v62 scope
42,feature,feature/auth/src/main/kotlin/com/autodrive/app/feature/auth/presentation/register/AccountTypeScreen.kt,19a5a010275cbb78eb9b883b9cb4b60984bcec82bc14e56b9acbd357f5fc9185,AccountTypeScreen,account_type,AUTH,APP_FEATURE,true,0,0,14,2,0,0,0,0,0,0,0,0,0,0,0,0,DS-CMP-001|DS-CMP-030,NONE,v64,v65,CLEAN_AT_BASELINE,lexical candidates retained separately from confirmed repeated/shared findings; touch-target/color-only-state final verification assigned to v65; explicit sub-48 visual size is not treated as confirmed hitbox failure because Material minimum-interactive behavior may expand it,19a5a010275cbb78eb9b883b9cb4b60984bcec82bc14e56b9acbd357f5fc9185,UNCHANGED_FROM_V59,INHERITED,INHERITED,Historical v59 row preserved,19a5a010275cbb78eb9b883b9cb4b60984bcec82bc14e56b9acbd357f5fc9185,UNCHANGED_FROM_V61,INHERITED,INHERITED,v61 state carried forward; not v62 scope
43,feature,feature/auth/src/main/kotlin/com/autodrive/app/feature/auth/presentation/register/RegisterScreens.kt,1bf84a0baa974d0a8bf0c447ebf11e37fdded6ea0df9bbbc621e7d8de2b32e9a,RegisterScreens,NONE,AUTH,APP_FEATURE,true,0,0,28,0,0,0,0,0,0,2,2,0,0,0,0,0,DS-CMP-001|DS-CMP-006|DS-CMP-009|DS-CMP-030,NONE,v64,v65,DEBT_RECORDED,lexical candidates retained separately from confirmed repeated/shared findings; Material candidates=2; confirmed exact mappings=2; touch-target/color-only-state final verification assigned to v65; explicit sub-48 visual size is not treated as confirmed hitbox failure because Material minimum-interactive behavior may expand it,1bf84a0baa974d0a8bf0c447ebf11e37fdded6ea0df9bbbc621e7d8de2b32e9a,UNCHANGED_FROM_V59,INHERITED,INHERITED,Historical v59 row preserved,1bf84a0baa974d0a8bf0c447ebf11e37fdded6ea0df9bbbc621e7d8de2b32e9a,UNCHANGED_FROM_V61,INHERITED,INHERITED,v61 state carried forward; not v62 scope
44,feature,feature/balance/src/main/kotlin/com/autodrive/app/feature/balance/presentation/BalanceComponents.kt,8766c151eb4fdc653c6de8732ac526fa84eb15bd4a06a1a6caad044eb370ea9d,BalanceComponents,NONE,BALANCE,APP_FEATURE,true,0,1,40,12,0,0,0,0,0,2,1,0,0,0,0,0,DS-PAT-005,NONE,v64,v65,DEBT_RECORDED,lexical candidates retained separately from confirmed repeated/shared findings; Material candidates=2; confirmed exact mappings=1; touch-target/color-only-state final verification assigned to v65; explicit sub-48 visual size is not treated as confirmed hitbox failure because Material minimum-interactive behavior may expand it,8766c151eb4fdc653c6de8732ac526fa84eb15bd4a06a1a6caad044eb370ea9d,UNCHANGED_FROM_V59,INHERITED,INHERITED,Historical v59 row preserved,8766c151eb4fdc653c6de8732ac526fa84eb15bd4a06a1a6caad044eb370ea9d,UNCHANGED_FROM_V61,INHERITED,INHERITED,v61 state carried forward; not v62 scope
45,feature,feature/balance/src/main/kotlin/com/autodrive/app/feature/balance/presentation/BalanceScreen.kt,b84c23a020cbc7aeec5ae0517f07b7ae86fa4f22ed1735ec02fa4b3f0971d6b2,BalanceScreen,balance,BALANCE,APP_FEATURE,true,0,0,0,0,0,0,0,0,0,0,0,0,0,0,0,0,DS-CMP-002|DS-CMP-003|DS-CMP-019|DS-CMP-020|DS-CMP-023|DS-CMP-026|DS-CMP-028|DS-PAT-001|DS-PAT-002|DS-PAT-006|DS-PAT-013|DS-PAT-014,NONE,v64,v65,CLEAN_AT_BASELINE,touch-target/color-only-state final verification assigned to v65; explicit sub-48 visual size is not treated as confirmed hitbox failure because Material minimum-interactive behavior may expand it,b84c23a020cbc7aeec5ae0517f07b7ae86fa4f22ed1735ec02fa4b3f0971d6b2,UNCHANGED_FROM_V59,INHERITED,INHERITED,Historical v59 row preserved,b84c23a020cbc7aeec5ae0517f07b7ae86fa4f22ed1735ec02fa4b3f0971d6b2,UNCHANGED_FROM_V61,INHERITED,INHERITED,v61 state carried forward; not v62 scope
46,feature,feature/balance/src/main/kotlin/com/autodrive/app/feature/balance/presentation/WithdrawalSheet.kt,6f960bddcbc1cda4d6c824f52d592c9088763f806abf6fc3a1eec1e28e2e99e8,WithdrawalSheet,NONE,BALANCE,APP_FEATURE,true,0,0,0,0,0,0,0,0,0,0,0,0,0,0,0,0,DS-CMP-001|DS-CMP-002|DS-CMP-006|DS-CMP-008|DS-CMP-021,NONE,v64,v65,CLEAN_AT_BASELINE,touch-target/color-only-state final verification assigned to v65; explicit sub-48 visual size is not treated as confirmed hitbox failure because Material minimum-interactive behavior may expand it,6f960bddcbc1cda4d6c824f52d592c9088763f806abf6fc3a1eec1e28e2e99e8,UNCHANGED_FROM_V59,INHERITED,INHERITED,Historical v59 row preserved,6f960bddcbc1cda4d6c824f52d592c9088763f806abf6fc3a1eec1e28e2e99e8,UNCHANGED_FROM_V61,INHERITED,INHERITED,v61 state carried forward; not v62 scope
47,feature,feature/chat/src/main/kotlin/com/autodrive/app/feature/chat/presentation/ChatComposer.kt,a48ac2845376f69abc8a573dec2b297c5e7ebb69f377f75a7047e3cfac0eb07f,ChatComposer,NONE,CONVERSATIONS,APP_FEATURE,true,0,2,21,3,0,0,0,0,0,11,11,0,0,2,0,0,NONE,NONE,v64,v65,DEBT_RECORDED,lexical candidates retained separately from confirmed repeated/shared findings; Material candidates=11; confirmed exact mappings=11; confirmed interactive semantics gap(s); touch-target final hitbox not asserted statically; touch-target/color-only-state final verification assigned to v65; explicit sub-48 visual size is not treated as confirmed hitbox failure because Material minimum-interactive behavior may expand it,a48ac2845376f69abc8a573dec2b297c5e7ebb69f377f75a7047e3cfac0eb07f,UNCHANGED_FROM_V59,INHERITED,INHERITED,Historical v59 row preserved,a48ac2845376f69abc8a573dec2b297c5e7ebb69f377f75a7047e3cfac0eb07f,UNCHANGED_FROM_V61,INHERITED,INHERITED,v61 state carried forward; not v62 scope
48,feature,feature/chat/src/main/kotlin/com/autodrive/app/feature/chat/presentation/ChatImageViewer.kt,397880dbb9fc3d8b2306ea60d1cc7a140b772ab0a1b5afbaea2aba4ddc7df6fc,ChatImageViewer,NONE,CONVERSATIONS,APP_FEATURE,true,0,0,6,0,0,0,0,0,0,2,2,0,0,0,0,0,NONE,NONE,v64,v65,DEBT_RECORDED,lexical candidates retained separately from confirmed repeated/shared findings; Material candidates=2; confirmed exact mappings=2; touch-target/color-only-state final verification assigned to v65; explicit sub-48 visual size is not treated as confirmed hitbox failure because Material minimum-interactive behavior may expand it,397880dbb9fc3d8b2306ea60d1cc7a140b772ab0a1b5afbaea2aba4ddc7df6fc,UNCHANGED_FROM_V59,INHERITED,INHERITED,Historical v59 row preserved,397880dbb9fc3d8b2306ea60d1cc7a140b772ab0a1b5afbaea2aba4ddc7df6fc,UNCHANGED_FROM_V61,INHERITED,INHERITED,v61 state carried forward; not v62 scope
49,feature,feature/chat/src/main/kotlin/com/autodrive/app/feature/chat/presentation/ChatMessageComponents.kt,6375b79497252cc9ee2c0fc8657358cdd07770826377980cb6cef30e7ac838e8,ChatMessageComponents,NONE,CONVERSATIONS,APP_FEATURE,true,0,3,50,4,0,0,0,0,0,4,3,0,0,1,0,0,NONE,NONE,v64,v65,DEBT_RECORDED,lexical candidates retained separately from confirmed repeated/shared findings; Material candidates=4; confirmed exact mappings=3; confirmed interactive semantics gap(s); touch-target final hitbox not asserted statically; touch-target/color-only-state final verification assigned to v65; explicit sub-48 visual size is not treated as confirmed hitbox failure because Material minimum-interactive behavior may expand it,6375b79497252cc9ee2c0fc8657358cdd07770826377980cb6cef30e7ac838e8,UNCHANGED_FROM_V59,INHERITED,INHERITED,Historical v59 row preserved,6375b79497252cc9ee2c0fc8657358cdd07770826377980cb6cef30e7ac838e8,UNCHANGED_FROM_V61,INHERITED,INHERITED,v61 state carried forward; not v62 scope
50,feature,feature/chat/src/main/kotlin/com/autodrive/app/feature/chat/presentation/ChatScreen.kt,d31bf1fc6c41fc4a5332bb9a4e014cc90b7d5652b7b3cdbbec116d0483b7bdf0,ChatScreen,chat/{conversationId}?title={title},CONVERSATIONS,APP_FEATURE,true,0,0,4,0,0,0,0,0,0,1,0,0,0,0,0,0,NONE,NONE,v64,v65,CLEAN_AT_BASELINE,lexical candidates retained separately from confirmed repeated/shared findings; Material candidates=1; confirmed exact mappings=0; touch-target/color-only-state final verification assigned to v65; explicit sub-48 visual size is not treated as confirmed hitbox failure because Material minimum-interactive behavior may expand it,d31bf1fc6c41fc4a5332bb9a4e014cc90b7d5652b7b3cdbbec116d0483b7bdf0,UNCHANGED_FROM_V59,INHERITED,INHERITED,Historical v59 row preserved,d31bf1fc6c41fc4a5332bb9a4e014cc90b7d5652b7b3cdbbec116d0483b7bdf0,UNCHANGED_FROM_V61,INHERITED,INHERITED,v61 state carried forward; not v62 scope
51,feature,feature/chat/src/main/kotlin/com/autodrive/app/feature/chat/presentation/NewChatDialog.kt,cf9367823569821345580c8e66ac01f850580105560ceeb401158331e92f9b3b,NewChatDialog,NONE,CONVERSATIONS,APP_FEATURE,true,0,0,0,0,0,0,0,0,0,0,0,0,0,0,0,0,DS-CMP-001|DS-CMP-002|DS-CMP-006|DS-CMP-020|DS-PAT-010,NONE,v64,v65,CLEAN_AT_BASELINE,touch-target/color-only-state final verification assigned to v65; explicit sub-48 visual size is not treated as confirmed hitbox failure because Material minimum-interactive behavior may expand it,cf9367823569821345580c8e66ac01f850580105560ceeb401158331e92f9b3b,UNCHANGED_FROM_V59,INHERITED,INHERITED,Historical v59 row preserved,cf9367823569821345580c8e66ac01f850580105560ceeb401158331e92f9b3b,UNCHANGED_FROM_V61,INHERITED,INHERITED,v61 state carried forward; not v62 scope
52,feature,feature/commission/src/main/kotlin/com/autodrive/app/feature/commission/presentation/CommissionEntryComponents.kt,7dd23b0bf3a3692f472f75d741c6a4c8f3fa67c8e9701ec7c911e0b5a862b2d6,CommissionEntryComponents,NONE,COMMISSION,APP_FEATURE,true,0,0,12,2,0,0,0,0,0,6,6,0,0,0,0,0,DS-CMP-001,NONE,v64,v65,DEBT_RECORDED,lexical candidates retained separately from confirmed repeated/shared findings; Material candidates=6; confirmed exact mappings=6; touch-target/color-only-state final verification assigned to v65; explicit sub-48 visual size is not treated as confirmed hitbox failure because Material minimum-interactive behavior may expand it,7dd23b0bf3a3692f472f75d741c6a4c8f3fa67c8e9701ec7c911e0b5a862b2d6,UNCHANGED_FROM_V59,INHERITED,INHERITED,Historical v59 row preserved,7dd23b0bf3a3692f472f75d741c6a4c8f3fa67c8e9701ec7c911e0b5a862b2d6,UNCHANGED_FROM_V61,INHERITED,INHERITED,v61 state carried forward; not v62 scope
53,feature,feature/commission/src/main/kotlin/com/autodrive/app/feature/commission/presentation/CommissionReportScreen.kt,667226b3d182a8f043073e523262bc32e55f001ed3d54fa2e9f28e580d5bc539,CommissionReportScreen,commission_report,COMMISSION,APP_FEATURE,true,0,0,8,2,0,0,0,0,0,2,1,0,0,0,0,0,NONE,NONE,v64,v65,DEBT_RECORDED,lexical candidates retained separately from confirmed repeated/shared findings; Material candidates=2; confirmed exact mappings=1; touch-target/color-only-state final verification assigned to v65; explicit sub-48 visual size is not treated as confirmed hitbox failure because Material minimum-interactive behavior may expand it,667226b3d182a8f043073e523262bc32e55f001ed3d54fa2e9f28e580d5bc539,UNCHANGED_FROM_V59,INHERITED,INHERITED,Historical v59 row preserved,667226b3d182a8f043073e523262bc32e55f001ed3d54fa2e9f28e580d5bc539,UNCHANGED_FROM_V61,INHERITED,INHERITED,v61 state carried forward; not v62 scope
54,feature,feature/commission/src/main/kotlin/com/autodrive/app/feature/commission/presentation/CommissionStatusBadge.kt,d01cae03a44545c945b2a6519ada4e73af66eaf21dc2b1e12a4b1270e11ecb22,CommissionStatusBadge,NONE,COMMISSION,APP_FEATURE,false,0,0,3,1,0,0,0,0,0,0,0,0,0,0,0,0,NONE,NONE,v64,NOT_APPLICABLE,CLEAN_AT_BASELINE,lexical candidates retained separately from confirmed repeated/shared findings,d01cae03a44545c945b2a6519ada4e73af66eaf21dc2b1e12a4b1270e11ecb22,UNCHANGED_FROM_V59,INHERITED,INHERITED,Historical v59 row preserved,d01cae03a44545c945b2a6519ada4e73af66eaf21dc2b1e12a4b1270e11ecb22,UNCHANGED_FROM_V61,INHERITED,INHERITED,v61 state carried forward; not v62 scope
55,feature,feature/notifications/src/main/kotlin/com/autodrive/app/feature/notifications/presentation/NotificationsScreen.kt,d30172be7085bad9db3511ab78afba95a4210d571c32f49038d17c76082a880d,NotificationsScreen,notifications,NOTIFICATIONS,APP_FEATURE,true,0,0,12,2,0,0,0,0,0,3,1,0,0,0,0,0,NONE,NONE,v64,v65,DEBT_RECORDED,lexical candidates retained separately from confirmed repeated/shared findings; Material candidates=3; confirmed exact mappings=1; touch-target/color-only-state final verification assigned to v65; explicit sub-48 visual size is not treated as confirmed hitbox failure because Material minimum-interactive behavior may expand it,d30172be7085bad9db3511ab78afba95a4210d571c32f49038d17c76082a880d,UNCHANGED_FROM_V59,INHERITED,INHERITED,Historical v59 row preserved,d30172be7085bad9db3511ab78afba95a4210d571c32f49038d17c76082a880d,UNCHANGED_FROM_V61,INHERITED,INHERITED,v61 state carried forward; not v62 scope
56,feature,feature/profile/src/main/kotlin/com/autodrive/app/feature/profile/presentation/ProfileScreen.kt,ca0b1e33ad406452d5f4511df85e244125bf19113f953fa50261cbf1a27fb198,ProfileScreen,profile,SETTINGS,APP_FEATURE,true,0,0,0,0,0,0,0,0,0,0,0,0,0,0,0,0,DS-CMP-001|DS-CMP-003|DS-CMP-005|DS-CMP-006|DS-CMP-008|DS-CMP-009|DS-CMP-014|DS-CMP-019|DS-CMP-020|DS-CMP-021|DS-CMP-024|DS-PAT-001|DS-PAT-007|DS-PAT-008|DS-PAT-014,NONE,v63,v65,CLEAN_AT_BASELINE,touch-target/color-only-state final verification assigned to v65; explicit sub-48 visual size is not treated as confirmed hitbox failure because Material minimum-interactive behavior may expand it,ca0b1e33ad406452d5f4511df85e244125bf19113f953fa50261cbf1a27fb198,UNCHANGED_FROM_V59,INHERITED,INHERITED,Historical v59 row preserved,ca0b1e33ad406452d5f4511df85e244125bf19113f953fa50261cbf1a27fb198,UNCHANGED_FROM_V61,INHERITED,INHERITED,v61 state carried forward; not v62 scope
