row_id,module,full_relative_path,sha256_v58,screen_or_component_name,route,category,scope_class,is_interactive,raw_color_candidate_count,raw_typography_candidate_count,raw_spacing_candidate_count,raw_shape_candidate_count,confirmed_color_violations,confirmed_typography_violations,confirmed_spacing_violations,confirmed_shape_elevation_violations,confirmed_contract_violations,material_bypass_candidates,confirmed_material_bypasses,suspected_duplicate_count,confirmed_duplicate_count,semantics_gap_count,touch_target_gap_count,color_only_state_gap_count,contract_ids_used,exception_ids,target_session,accessibility_target_session,baseline_status,notes,v61_sha256,v61_status,v61_open_confirmed,v61_new_candidates,v61_notes,v62_sha256,v62_status,v62_open_confirmed,v62_candidates,v62_notes,v63_sha256,v63_status,v63_open_confirmed,v63_new_candidates,v63_notes,v64_sha256,v64_status,v64_open_confirmed,v64_candidate_state,v64_wave,v64_notes,v65_sha256,v65_a11y_classification,v65_semantics_status,v65_touch_status,v65_color_only_status,v65_contrast_status,v65_font_scale_status,v65_direction_status,v65_runtime_required,v65_wave,v65_findings,v65_notes
1,app,app/src/main/kotlin/com/autodrive/app/PermissionsDeniedDialog.kt,06b45ca947cea396c19431068c2a94f2051fc50c0f1491806ac0bd8ff27e1cd8,PermissionsDeniedDialog,NONE,APP_FEATURE,APP_FEATURE,true,0,0,0,0,0,0,0,0,0,0,0,0,0,0,0,0,DS-CMP-001|DS-CMP-003|DS-CMP-020,NONE,v64,v65,CLEAN_AT_BASELINE,touch-target/color-only-state final verification assigned to v65; explicit sub-48 visual size is not treated as confirmed hitbox failure because Material minimum-interactive behavior may expand it,06b45ca947cea396c19431068c2a94f2051fc50c0f1491806ac0bd8ff27e1cd8,UNCHANGED_FROM_V59,INHERITED,INHERITED,Historical v59 row preserved,06b45ca947cea396c19431068c2a94f2051fc50c0f1491806ac0bd8ff27e1cd8,UNCHANGED_FROM_V61,INHERITED,INHERITED,v61 state carried forward; not v62 scope,06b45ca947cea396c19431068c2a94f2051fc50c0f1491806ac0bd8ff27e1cd8,UNCHANGED_FROM_V62,INHERITED,INHERITED,v62 state carried forward; not v63 scope,06b45ca947cea396c19431068c2a94f2051fc50c0f1491806ac0bd8ff27e1cd8,VERIFIED_CLEAN_CARRY_FORWARD,0,NONE,Wave B,No production edit; v63 hash preserved.,06b45ca947cea396c19431068c2a94f2051fc50c0f1491806ac0bd8ff27e1cd8,VERIFIED_A11Y_CLEAN_V65,PASS_STATIC,PASS_STATIC,PASS_STATIC,PASS_STATIC,NOT_REQUIRED_STATIC,PASS_STATIC_RTL_SOURCE,true,Wave C,,VERIFY_ONLY; no unjustified production mutation.
2,app,app/src/main/kotlin/com/autodrive/app/feature/competition/presentation/WeeklyCompetitionScreen.kt,69fc0bc1c8a2333948b40c2b84000aaa150917ce9d93a820deddfcd9735e5447,WeeklyCompetitionScreen,weekly_competition,COMPETITION,APP_FEATURE,true,0,0,0,0,0,0,0,0,0,1,1,0,0,0,0,0,DS-CMP-001|DS-CMP-002|DS-CMP-010|DS-CMP-012|DS-PAT-001|DS-PAT-013|DS-PAT-014,NONE,v64,v65,DEBT_RECORDED,Material candidates=1; confirmed exact mappings=1; touch-target/color-only-state final verification assigned to v65; explicit sub-48 visual size is not treated as confirmed hitbox failure because Material minimum-interactive behavior may expand it,69fc0bc1c8a2333948b40c2b84000aaa150917ce9d93a820deddfcd9735e5447,UNCHANGED_FROM_V59,INHERITED,INHERITED,Historical v59 row preserved,69fc0bc1c8a2333948b40c2b84000aaa150917ce9d93a820deddfcd9735e5447,UNCHANGED_FROM_V61,INHERITED,INHERITED,v61 state carried forward; not v62 scope,69fc0bc1c8a2333948b40c2b84000aaa150917ce9d93a820deddfcd9735e5447,UNCHANGED_FROM_V62,INHERITED,INHERITED,v62 state carried forward; not v63 scope,cc645e29821188fe018b8ef18ea3f2f1c0e9ec8bdff216bf97cab2dd8e8f0d82,MIGRATED_V64,0,NONE,Wave A,Official component adoption complete; behavior ownership preserved.,cc645e29821188fe018b8ef18ea3f2f1c0e9ec8bdff216bf97cab2dd8e8f0d82,VERIFIED_A11Y_CLEAN_V65,PASS_STATIC,PASS_STATIC,PASS_STATIC,PASS_STATIC,NOT_REQUIRED_STATIC,RUNTIME_BLOCKED,true,Wave A,,VERIFY_ONLY; no unjustified production mutation.
3,app,app/src/main/kotlin/com/autodrive/app/feature/home/presentation/HomeHeroComponents.kt,e5f95dda54d7da9861ada7ac51cf7b591fe90d03acb36f5610fd025d0b554635,HomeHeroComponents,NONE,HOME,APP_FEATURE,true,31,6,41,5,1,1,1,1,3,1,0,0,0,0,0,0,NONE,NONE,v61,v65,DEBT_RECORDED,lexical candidates retained separately from confirmed repeated/shared findings; Material candidates=1; confirmed exact mappings=0; touch-target/color-only-state final verification assigned to v65; explicit sub-48 visual size is not treated as confirmed hitbox failure because Material minimum-interactive behavior may expand it,7aaddb37639e9dd24eb9e26ed5363019095fd86646cb4cdbb2ad902bed7af093,MIGRATED_V61,0,0,HOME_V1 contract accepted; historical v59 fields preserved,7aaddb37639e9dd24eb9e26ed5363019095fd86646cb4cdbb2ad902bed7af093,UNCHANGED_FROM_V61,INHERITED,INHERITED,v61 state carried forward; not v62 scope,7aaddb37639e9dd24eb9e26ed5363019095fd86646cb4cdbb2ad902bed7af093,UNCHANGED_FROM_V62,INHERITED,INHERITED,v62 state carried forward; not v63 scope,7aaddb37639e9dd24eb9e26ed5363019095fd86646cb4cdbb2ad902bed7af093,UNCHANGED_FROM_V63,INHERITED,HISTORICAL_ACCEPTED,,Carry-forward outside v64 component-adoption target.,7aaddb37639e9dd24eb9e26ed5363019095fd86646cb4cdbb2ad902bed7af093,VERIFIED_A11Y_CLEAN_V65,PASS_STATIC,RUNTIME_BLOCKED,PASS_STATIC,PASS_STATIC,RUNTIME_BLOCKED,PASS_STATIC_RTL_SOURCE,true,Wave A,,VERIFY_ONLY; no unjustified production mutation.
4,app,app/src/main/kotlin/com/autodrive/app/feature/home/presentation/HomeScreen.kt,538cfa58e741ba256e365f468cceb2a69b582a4c63a98523e5337f94ec014a27,HomeScreen,home,HOME,APP_FEATURE,true,4,6,17,1,1,1,1,1,4,0,0,1,0,0,0,0,DS-CMP-005|DS-CMP-014,NONE,v61,v65,DEBT_RECORDED,"lexical candidates retained separately from confirmed repeated/shared findings; HomeHeader is a duplicate candidate for ScreenHeader responsibility, but not confirmed DS-DUP because visual/slot contract differs; touch-target/color-only-state final verification assigned to v65; explicit sub-48 visual size is not treated as confirmed hitbox failure because Material minimum-interactive behavior may expand it",07188a8105b509f2443766182387fc3748040510ab35c777313f89b122efcc18,MIGRATED_V61,0,0,HOME_V1 contract accepted; historical v59 fields preserved,07188a8105b509f2443766182387fc3748040510ab35c777313f89b122efcc18,UNCHANGED_FROM_V61,INHERITED,INHERITED,v61 state carried forward; not v62 scope,07188a8105b509f2443766182387fc3748040510ab35c777313f89b122efcc18,UNCHANGED_FROM_V62,INHERITED,INHERITED,v62 state carried forward; not v63 scope,07188a8105b509f2443766182387fc3748040510ab35c777313f89b122efcc18,UNCHANGED_FROM_V63,INHERITED,NONE,,Carry-forward outside v64 component-adoption target.,07188a8105b509f2443766182387fc3748040510ab35c777313f89b122efcc18,VERIFIED_A11Y_CLEAN_V65,PASS_STATIC,PASS_STATIC,PASS_STATIC,PASS_STATIC,RUNTIME_BLOCKED,PASS_STATIC_RTL_SOURCE,true,Wave A,,VERIFY_ONLY; no unjustified production mutation.
5,app,app/src/main/kotlin/com/autodrive/app/feature/home/presentation/HomeSupportCards.kt,6c9d3270f2e663b62fa19c57f4f391010a1dc13dad3fb2d8fe511610e97f41d9,HomeSupportCards,NONE,HOME,APP_FEATURE,true,17,9,32,7,1,1,1,1,1,0,0,0,0,0,0,0,NONE,NONE,v61,v65,DEBT_RECORDED,lexical candidates retained separately from confirmed repeated/shared findings; touch-target/color-only-state final verification assigned to v65; explicit sub-48 visual size is not treated as confirmed hitbox failure because Material minimum-interactive behavior may expand it,0ef2f25f24066e7af13ebb280a0040713f9c9d513d0fcd2559011b7f1f035837,MIGRATED_V61,0,0,HOME_V1 contract accepted; historical v59 fields preserved,0ef2f25f24066e7af13ebb280a0040713f9c9d513d0fcd2559011b7f1f035837,UNCHANGED_FROM_V61,INHERITED,INHERITED,v61 state carried forward; not v62 scope,0ef2f25f24066e7af13ebb280a0040713f9c9d513d0fcd2559011b7f1f035837,UNCHANGED_FROM_V62,INHERITED,INHERITED,v62 state carried forward; not v63 scope,0ef2f25f24066e7af13ebb280a0040713f9c9d513d0fcd2559011b7f1f035837,UNCHANGED_FROM_V63,INHERITED,NONE,,Carry-forward outside v64 component-adoption target.,0ef2f25f24066e7af13ebb280a0040713f9c9d513d0fcd2559011b7f1f035837,VERIFIED_A11Y_CLEAN_V65,PASS_STATIC,RUNTIME_BLOCKED,PASS_STATIC,PASS_STATIC,NOT_REQUIRED_STATIC,RUNTIME_BLOCKED,true,Wave A,,VERIFY_ONLY; no unjustified production mutation.
6,app,app/src/main/kotlin/com/autodrive/app/feature/home/presentation/RealtimeStatusBar.kt,a397ff55159c1d86041ded0a1f3513bde47cb1ab9e5b7b5ae84c48bbe8420778,RealtimeStatusBar,NONE,HOME,APP_FEATURE,false,0,0,4,0,0,0,0,0,0,0,0,0,0,0,0,0,NONE,NONE,v61,NOT_APPLICABLE,CLEAN_AT_BASELINE,lexical candidates retained separately from confirmed repeated/shared findings,a397ff55159c1d86041ded0a1f3513bde47cb1ab9e5b7b5ae84c48bbe8420778,VERIFIED_CLEAN_UNCHANGED,0,0,HOME_V1 contract accepted; historical v59 fields preserved,a397ff55159c1d86041ded0a1f3513bde47cb1ab9e5b7b5ae84c48bbe8420778,UNCHANGED_FROM_V61,INHERITED,INHERITED,v61 state carried forward; not v62 scope,a397ff55159c1d86041ded0a1f3513bde47cb1ab9e5b7b5ae84c48bbe8420778,UNCHANGED_FROM_V62,INHERITED,INHERITED,v62 state carried forward; not v63 scope,a397ff55159c1d86041ded0a1f3513bde47cb1ab9e5b7b5ae84c48bbe8420778,UNCHANGED_FROM_V63,INHERITED,NONE,,Carry-forward outside v64 component-adoption target.,a397ff55159c1d86041ded0a1f3513bde47cb1ab9e5b7b5ae84c48bbe8420778,RECLASSIFIED_V65,PASS_STATIC,PASS_STATIC,PASS_STATIC,PASS_STATIC,NOT_REQUIRED_STATIC,PASS_STATIC_RTL_SOURCE,true,Wave A,,status surface: connection state must remain understandable without color VERIFY_ONLY; no unjustified production mutation. Visible status text already conveys connection state; ViewModel symbol/body untouched.
7,app,app/src/main/kotlin/com/autodrive/app/feature/info/presentation/AboutAppScreen.kt,302fac510879bf9014a02d9202d2dd0589cb2b12c45d52e4a324350f2324b836,AboutAppScreen,about_app,INFO,APP_FEATURE,true,0,4,37,11,0,0,0,0,0,1,1,0,0,0,0,0,NONE,NONE,v64,v65,DEBT_RECORDED,lexical candidates retained separately from confirmed repeated/shared findings; Material candidates=1; confirmed exact mappings=1; touch-target/color-only-state final verification assigned to v65; explicit sub-48 visual size is not treated as confirmed hitbox failure because Material minimum-interactive behavior may expand it,302fac510879bf9014a02d9202d2dd0589cb2b12c45d52e4a324350f2324b836,UNCHANGED_FROM_V59,INHERITED,INHERITED,Historical v59 row preserved,302fac510879bf9014a02d9202d2dd0589cb2b12c45d52e4a324350f2324b836,UNCHANGED_FROM_V61,INHERITED,INHERITED,v61 state carried forward; not v62 scope,302fac510879bf9014a02d9202d2dd0589cb2b12c45d52e4a324350f2324b836,UNCHANGED_FROM_V62,INHERITED,INHERITED,v62 state carried forward; not v63 scope,d9bc7a3213ef927255bceb9cc00dbb0087f926edca56568f89e2c7d191a91dfd,MIGRATED_V64,0,NONE,Wave B,Official component adoption complete; behavior ownership preserved.,d9bc7a3213ef927255bceb9cc00dbb0087f926edca56568f89e2c7d191a91dfd,VERIFIED_A11Y_CLEAN_V65,PASS_STATIC,RUNTIME_BLOCKED,PASS_STATIC,PASS_STATIC,RUNTIME_BLOCKED,PASS_STATIC_RTL_SOURCE,true,Wave A,,VERIFY_ONLY; no unjustified production mutation.
8,app,app/src/main/kotlin/com/autodrive/app/feature/info/presentation/FaqScreen.kt,ec846f455a8ecb44ef05b05ce426e798056ea5fe2ed8b9e6e524e2578e2e10f7,FaqScreen,faq,INFO,APP_FEATURE,true,0,2,23,4,0,0,0,0,0,4,4,0,0,0,0,0,NONE,NONE,v64,v65,DEBT_RECORDED,lexical candidates retained separately from confirmed repeated/shared findings; Material candidates=4; confirmed exact mappings=4; touch-target/color-only-state final verification assigned to v65; explicit sub-48 visual size is not treated as confirmed hitbox failure because Material minimum-interactive behavior may expand it,ec846f455a8ecb44ef05b05ce426e798056ea5fe2ed8b9e6e524e2578e2e10f7,UNCHANGED_FROM_V59,INHERITED,INHERITED,Historical v59 row preserved,ec846f455a8ecb44ef05b05ce426e798056ea5fe2ed8b9e6e524e2578e2e10f7,UNCHANGED_FROM_V61,INHERITED,INHERITED,v61 state carried forward; not v62 scope,ec846f455a8ecb44ef05b05ce426e798056ea5fe2ed8b9e6e524e2578e2e10f7,UNCHANGED_FROM_V62,INHERITED,INHERITED,v62 state carried forward; not v63 scope,3d9d62d6b704d32abc0cd7573320c1d5a8d893ec8fc3eeb044f82ec8b5f7dc38,MIGRATED_V64,0,NONE,Wave B,Official component adoption complete; behavior ownership preserved.,e3b153f04080b46ece2f5675fc04893e1a744b2ef9ae9b8ad51ac0a34e4eb7f5,REPAIRED_A11Y_V65,PASS_STATIC,RUNTIME_BLOCKED,PASS_STATIC,PASS_STATIC,RUNTIME_BLOCKED,PASS_STATIC_RTL_SOURCE,true,Wave A,V65-001-54F51D005388,Static finding(s) repaired under frozen mutation allowlist.
9,app,app/src/main/kotlin/com/autodrive/app/feature/info/presentation/PrivacyPolicyScreen.kt,81a72a3603f315b10d8884bdc8d90a5c7927e714f8196502626d31a0e5786115,PrivacyPolicyScreen,privacy_policy,INFO,APP_FEATURE,true,0,2,20,5,0,0,0,0,0,2,2,0,0,0,0,0,NONE,NONE,v64,v65,DEBT_RECORDED,lexical candidates retained separately from confirmed repeated/shared findings; Material candidates=2; confirmed exact mappings=2; touch-target/color-only-state final verification assigned to v65; explicit sub-48 visual size is not treated as confirmed hitbox failure because Material minimum-interactive behavior may expand it,81a72a3603f315b10d8884bdc8d90a5c7927e714f8196502626d31a0e5786115,UNCHANGED_FROM_V59,INHERITED,INHERITED,Historical v59 row preserved,81a72a3603f315b10d8884bdc8d90a5c7927e714f8196502626d31a0e5786115,UNCHANGED_FROM_V61,INHERITED,INHERITED,v61 state carried forward; not v62 scope,81a72a3603f315b10d8884bdc8d90a5c7927e714f8196502626d31a0e5786115,UNCHANGED_FROM_V62,INHERITED,INHERITED,v62 state carried forward; not v63 scope,11285193b479595c0552d64ebe9021e1f535f76288391a42bb07c4d795a45076,MIGRATED_V64,0,NONE,Wave B,Official component adoption complete; behavior ownership preserved.,11285193b479595c0552d64ebe9021e1f535f76288391a42bb07c4d795a45076,VERIFIED_A11Y_CLEAN_V65,PASS_STATIC,RUNTIME_BLOCKED,PASS_STATIC,PASS_STATIC,RUNTIME_BLOCKED,PASS_STATIC_RTL_SOURCE,true,Wave A,,VERIFY_ONLY; no unjustified production mutation.
10,app,app/src/main/kotlin/com/autodrive/app/feature/reports/presentation/log/ActivityLogScreen.kt,2115a35fd0a9423d7c2f7ba3ba9a8ec2647cf84e0d98b0546a1e97bbf7a22019,ActivityLogScreen,activity_log?filter={filter},REPORTS,APP_FEATURE,true,0,0,0,0,0,0,0,0,3,0,0,0,0,0,0,0,DS-CMP-005|DS-CMP-010|DS-CMP-011|DS-CMP-014|DS-CMP-025|DS-CMP-026|DS-CMP-027|DS-CMP-028|DS-PAT-001|DS-PAT-002|DS-PAT-013|DS-PAT-014,NONE,v62,v65,DEBT_RECORDED,touch-target/color-only-state final verification assigned to v65; explicit sub-48 visual size is not treated as confirmed hitbox failure because Material minimum-interactive behavior may expand it,2115a35fd0a9423d7c2f7ba3ba9a8ec2647cf84e0d98b0546a1e97bbf7a22019,UNCHANGED_FROM_V59,INHERITED,INHERITED,Historical v59 row preserved,5203fa2037e352a427d7d0a826f9bcef1ea6d6edbb59c969f92912fbf57663e1,MIGRATED_V62,0,0,REPORTS_V1 / confirmed Material debt closed in v62; behavior protected,5203fa2037e352a427d7d0a826f9bcef1ea6d6edbb59c969f92912fbf57663e1,UNCHANGED_FROM_V62,INHERITED,INHERITED,v62 state carried forward; not v63 scope,5203fa2037e352a427d7d0a826f9bcef1ea6d6edbb59c969f92912fbf57663e1,UNCHANGED_FROM_V63,INHERITED,NONE,,Carry-forward outside v64 component-adoption target.,5203fa2037e352a427d7d0a826f9bcef1ea6d6edbb59c969f92912fbf57663e1,VERIFIED_A11Y_CLEAN_V65,PASS_STATIC,PASS_STATIC,PASS_STATIC,PASS_STATIC,NOT_REQUIRED_STATIC,RUNTIME_BLOCKED,true,Wave A,,VERIFY_ONLY; no unjustified production mutation.
11,app,app/src/main/kotlin/com/autodrive/app/feature/reports/presentation/log/CompetitionHistoryScreen.kt,e584fb76d53b8c19537563bf8c1cf3483c757c7c845262f893755a4b060ac6ae,CompetitionHistoryScreen,competition_history,REPORTS,APP_FEATURE,true,0,2,13,2,0,0,0,0,0,4,2,0,0,0,0,0,DS-PAT-001|DS-PAT-013,NONE,v62,v65,DEBT_RECORDED,lexical candidates retained separately from confirmed repeated/shared findings; Material candidates=4; confirmed exact mappings=2; touch-target/color-only-state final verification assigned to v65; explicit sub-48 visual size is not treated as confirmed hitbox failure because Material minimum-interactive behavior may expand it,e584fb76d53b8c19537563bf8c1cf3483c757c7c845262f893755a4b060ac6ae,UNCHANGED_FROM_V59,INHERITED,INHERITED,Historical v59 row preserved,dd631020d684b1810081e123558ce1dfb0f2485e47d72e920359bf5c489dbb96,MIGRATED_V62,0,2,REPORTS_V1 / confirmed Material debt closed in v62; behavior protected,dd631020d684b1810081e123558ce1dfb0f2485e47d72e920359bf5c489dbb96,UNCHANGED_FROM_V62,INHERITED,INHERITED,v62 state carried forward; not v63 scope,dd631020d684b1810081e123558ce1dfb0f2485e47d72e920359bf5c489dbb96,UNCHANGED_FROM_V63,INHERITED,HISTORICAL_ACCEPTED,,Carry-forward outside v64 component-adoption target.,dd631020d684b1810081e123558ce1dfb0f2485e47d72e920359bf5c489dbb96,VERIFIED_A11Y_CLEAN_V65,PASS_STATIC,RUNTIME_BLOCKED,PASS_STATIC,PASS_STATIC,NOT_REQUIRED_STATIC,RUNTIME_BLOCKED,true,Wave A,,VERIFY_ONLY; no unjustified production mutation.
12,app,app/src/main/kotlin/com/autodrive/app/feature/reports/presentation/log/InvoiceDetailScreen.kt,2b6e3ce9dd789f068b20dfc3b2db65be237466a8f73e69607dd27c5ab514eb89,InvoiceDetailScreen,invoice_detail/{invoiceId},REPORTS,APP_FEATURE,true,0,0,23,6,0,0,0,0,0,5,3,0,0,0,0,0,NONE,NONE,v62,v65,DEBT_RECORDED,lexical candidates retained separately from confirmed repeated/shared findings; Material candidates=5; confirmed exact mappings=3; touch-target/color-only-state final verification assigned to v65; explicit sub-48 visual size is not treated as confirmed hitbox failure because Material minimum-interactive behavior may expand it,2b6e3ce9dd789f068b20dfc3b2db65be237466a8f73e69607dd27c5ab514eb89,UNCHANGED_FROM_V59,INHERITED,INHERITED,Historical v59 row preserved,bfc01fc7c856a542f550368a72fb6b142ab8381cbf422380919edb6c8f72d79c,MIGRATED_V62,0,2,REPORTS_V1 / confirmed Material debt closed in v62; behavior protected,bfc01fc7c856a542f550368a72fb6b142ab8381cbf422380919edb6c8f72d79c,UNCHANGED_FROM_V62,INHERITED,INHERITED,v62 state carried forward; not v63 scope,bfc01fc7c856a542f550368a72fb6b142ab8381cbf422380919edb6c8f72d79c,UNCHANGED_FROM_V63,INHERITED,HISTORICAL_ACCEPTED,,Carry-forward outside v64 component-adoption target.,bfc01fc7c856a542f550368a72fb6b142ab8381cbf422380919edb6c8f72d79c,VERIFIED_A11Y_CLEAN_V65,PASS_STATIC,RUNTIME_BLOCKED,PASS_STATIC,PASS_STATIC,RUNTIME_BLOCKED,RUNTIME_BLOCKED,true,Wave A,,VERIFY_ONLY; no unjustified production mutation.
13,app,app/src/main/kotlin/com/autodrive/app/feature/reports/presentation/log/InvoiceListScreen.kt,f343fa5afbbeef5a0a7e440e09d957e98988fe9d8a02d2f2fcb67e2f3e4452dd,InvoiceListScreen,invoice_list?weekMode={weekMode},REPORTS,APP_FEATURE,true,0,0,10,2,0,0,0,0,0,1,1,0,0,0,0,0,DS-PAT-001,NONE,v62,v65,DEBT_RECORDED,lexical candidates retained separately from confirmed repeated/shared findings; Material candidates=1; confirmed exact mappings=1; touch-target/color-only-state final verification assigned to v65; explicit sub-48 visual size is not treated as confirmed hitbox failure because Material minimum-interactive behavior may expand it,f343fa5afbbeef5a0a7e440e09d957e98988fe9d8a02d2f2fcb67e2f3e4452dd,UNCHANGED_FROM_V59,INHERITED,INHERITED,Historical v59 row preserved,3f48ececeb4d0bb9015d1373430bd89749af253cf51ec5f9ff9a07f072da46c9,MIGRATED_V62,0,0,REPORTS_V1 / confirmed Material debt closed in v62; behavior protected,3f48ececeb4d0bb9015d1373430bd89749af253cf51ec5f9ff9a07f072da46c9,UNCHANGED_FROM_V62,INHERITED,INHERITED,v62 state carried forward; not v63 scope,3f48ececeb4d0bb9015d1373430bd89749af253cf51ec5f9ff9a07f072da46c9,UNCHANGED_FROM_V63,INHERITED,NONE,,Carry-forward outside v64 component-adoption target.,3f48ececeb4d0bb9015d1373430bd89749af253cf51ec5f9ff9a07f072da46c9,VERIFIED_A11Y_CLEAN_V65,PASS_STATIC,RUNTIME_BLOCKED,PASS_STATIC,PASS_STATIC,NOT_REQUIRED_STATIC,RUNTIME_BLOCKED,true,Wave A,,VERIFY_ONLY; no unjustified production mutation.
14,app,app/src/main/kotlin/com/autodrive/app/feature/reports/presentation/log/WeeklyCommissionsScreen.kt,0c34b796f7c0f5ef802b41a64eee194efdb76ced1bbcd9330df938b45595ec42,WeeklyCommissionsScreen,weekly_commissions,REPORTS,APP_FEATURE,true,0,0,11,2,0,0,0,0,0,1,1,0,0,0,0,0,DS-PAT-001,NONE,v62,v65,DEBT_RECORDED,lexical candidates retained separately from confirmed repeated/shared findings; Material candidates=1; confirmed exact mappings=1; touch-target/color-only-state final verification assigned to v65; explicit sub-48 visual size is not treated as confirmed hitbox failure because Material minimum-interactive behavior may expand it,0c34b796f7c0f5ef802b41a64eee194efdb76ced1bbcd9330df938b45595ec42,UNCHANGED_FROM_V59,INHERITED,INHERITED,Historical v59 row preserved,44d4433434c00d537f0eaf2382e1b9ea2351ff68b1263505c87529e513efd885,MIGRATED_V62,0,0,REPORTS_V1 / confirmed Material debt closed in v62; behavior protected,44d4433434c00d537f0eaf2382e1b9ea2351ff68b1263505c87529e513efd885,UNCHANGED_FROM_V62,INHERITED,INHERITED,v62 state carried forward; not v63 scope,44d4433434c00d537f0eaf2382e1b9ea2351ff68b1263505c87529e513efd885,UNCHANGED_FROM_V63,INHERITED,NONE,,Carry-forward outside v64 component-adoption target.,44d4433434c00d537f0eaf2382e1b9ea2351ff68b1263505c87529e513efd885,VERIFIED_A11Y_CLEAN_V65,PASS_STATIC,PASS_STATIC,PASS_STATIC,PASS_STATIC,NOT_REQUIRED_STATIC,RUNTIME_BLOCKED,true,Wave A,,VERIFY_ONLY; no unjustified production mutation.
15,app,app/src/main/kotlin/com/autodrive/app/feature/reports/presentation/log/WinWeeksScreen.kt,be26af99b1a84fef2f4f227ca7f11447ba9103f259aebdeb83879a8922e0fb90,WinWeeksScreen,win_weeks,REPORTS,APP_FEATURE,true,0,2,12,2,0,0,0,0,0,1,0,0,0,0,0,0,DS-PAT-001|DS-PAT-013,NONE,v62,v65,CLEAN_AT_BASELINE,lexical candidates retained separately from confirmed repeated/shared findings; Material candidates=1; confirmed exact mappings=0; touch-target/color-only-state final verification assigned to v65; explicit sub-48 visual size is not treated as confirmed hitbox failure because Material minimum-interactive behavior may expand it,be26af99b1a84fef2f4f227ca7f11447ba9103f259aebdeb83879a8922e0fb90,UNCHANGED_FROM_V59,INHERITED,INHERITED,Historical v59 row preserved,be26af99b1a84fef2f4f227ca7f11447ba9103f259aebdeb83879a8922e0fb90,VERIFIED_CLEAN_CARRY_FORWARD,0,1,CLEAN_AT_BASELINE carried forward; production hash unchanged; CPI remains accepted candidate,be26af99b1a84fef2f4f227ca7f11447ba9103f259aebdeb83879a8922e0fb90,UNCHANGED_FROM_V62,INHERITED,INHERITED,v62 state carried forward; not v63 scope,be26af99b1a84fef2f4f227ca7f11447ba9103f259aebdeb83879a8922e0fb90,UNCHANGED_FROM_V63,INHERITED,HISTORICAL_ACCEPTED,,Carry-forward outside v64 component-adoption target.,be26af99b1a84fef2f4f227ca7f11447ba9103f259aebdeb83879a8922e0fb90,VERIFIED_A11Y_CLEAN_V65,PASS_STATIC,PASS_STATIC,PASS_STATIC,PASS_STATIC,RUNTIME_BLOCKED,RUNTIME_BLOCKED,true,Wave A,,VERIFY_ONLY; no unjustified production mutation.
16,app,app/src/main/kotlin/com/autodrive/app/feature/reports/presentation/recent/RecentActivityScreen.kt,61958995f7f3a34aa253e1410de7aec42e1f2fa6312fe77e70770f51bd39365f,RecentActivityScreen,recent_activity?newChat={newChat},CONVERSATIONS,APP_FEATURE,true,0,0,0,0,0,0,0,0,0,0,0,0,0,0,0,0,DS-CMP-005|DS-CMP-007|DS-CMP-014|DS-CMP-019|DS-PAT-001|DS-PAT-004|DS-PAT-012|DS-PAT-013|DS-PAT-014,NONE,v64,v65,CLEAN_AT_BASELINE,touch-target/color-only-state final verification assigned to v65; explicit sub-48 visual size is not treated as confirmed hitbox failure because Material minimum-interactive behavior may expand it,61958995f7f3a34aa253e1410de7aec42e1f2fa6312fe77e70770f51bd39365f,UNCHANGED_FROM_V59,INHERITED,INHERITED,Historical v59 row preserved,61958995f7f3a34aa253e1410de7aec42e1f2fa6312fe77e70770f51bd39365f,UNCHANGED_FROM_V61,INHERITED,INHERITED,v61 state carried forward; not v62 scope,61958995f7f3a34aa253e1410de7aec42e1f2fa6312fe77e70770f51bd39365f,UNCHANGED_FROM_V62,INHERITED,INHERITED,v62 state carried forward; not v63 scope,61958995f7f3a34aa253e1410de7aec42e1f2fa6312fe77e70770f51bd39365f,VERIFIED_CLEAN_CARRY_FORWARD,0,NONE,Wave C,No production edit; v63 hash preserved.,61958995f7f3a34aa253e1410de7aec42e1f2fa6312fe77e70770f51bd39365f,VERIFIED_A11Y_CLEAN_V65,PASS_STATIC,PASS_STATIC,PASS_STATIC,PASS_STATIC,NOT_REQUIRED_STATIC,PASS_STATIC_RTL_SOURCE,false,Wave A,,VERIFY_ONLY; no unjustified production mutation.
17,app,app/src/main/kotlin/com/autodrive/app/navigation/AppNavigation.kt,38f1f56444c74eb9b4322732996c9cf8ccfc5a64c6db798155d474aa9ef32b2b,AppNavigation,NONE,APP_SHELL,APP_FEATURE,false,0,0,0,0,0,0,0,0,0,0,0,0,0,0,0,0,NONE,NONE,v64,NOT_APPLICABLE,CLEAN_AT_BASELINE,No baseline debt confirmed by v59 static classification.,38f1f56444c74eb9b4322732996c9cf8ccfc5a64c6db798155d474aa9ef32b2b,UNCHANGED_FROM_V59,INHERITED,INHERITED,Historical v59 row preserved,38f1f56444c74eb9b4322732996c9cf8ccfc5a64c6db798155d474aa9ef32b2b,UNCHANGED_FROM_V61,INHERITED,INHERITED,v61 state carried forward; not v62 scope,38f1f56444c74eb9b4322732996c9cf8ccfc5a64c6db798155d474aa9ef32b2b,UNCHANGED_FROM_V62,INHERITED,INHERITED,v62 state carried forward; not v63 scope,38f1f56444c74eb9b4322732996c9cf8ccfc5a64c6db798155d474aa9ef32b2b,VERIFIED_CLEAN_CARRY_FORWARD,0,NONE,Wave C,No production edit; v63 hash preserved.,38f1f56444c74eb9b4322732996c9cf8ccfc5a64c6db798155d474aa9ef32b2b,V65_NOT_APPLICABLE_VERIFIED,NOT_APPLICABLE,NOT_APPLICABLE,NOT_APPLICABLE,NOT_APPLICABLE,NOT_APPLICABLE,NOT_APPLICABLE,false,,,Verified exclusion: no owned visual semantic/action node; file remained byte-identical.
18,core,core/designsystem/src/main/kotlin/com/autodrive/app/core/designsystem/components/actions/ActionComponents.kt,dc28cd3efe428f3c01b82b81fcc2256d651562909daf95cd4dd43c1e81f2598a,ActionComponents,NONE,DESIGN_SYSTEM_COMPONENT,DESIGN_SYSTEM,true,0,0,8,0,0,0,0,0,0,0,0,0,0,0,0,0,DS-CMP-001|DS-CMP-002|DS-CMP-003|DS-CMP-004|DS-CMP-005,NONE,v66,v65,CONTRACT_PROVIDER,lexical candidates retained separately from confirmed repeated/shared findings; touch-target/color-only-state final verification assigned to v65; explicit sub-48 visual size is not treated as confirmed hitbox failure because Material minimum-interactive behavior may expand it,dc28cd3efe428f3c01b82b81fcc2256d651562909daf95cd4dd43c1e81f2598a,UNCHANGED_FROM_V59,INHERITED,INHERITED,Historical v59 row preserved,dc28cd3efe428f3c01b82b81fcc2256d651562909daf95cd4dd43c1e81f2598a,UNCHANGED_FROM_V61,INHERITED,INHERITED,v61 state carried forward; not v62 scope,dc28cd3efe428f3c01b82b81fcc2256d651562909daf95cd4dd43c1e81f2598a,UNCHANGED_FROM_V62,INHERITED,INHERITED,v62 state carried forward; not v63 scope,8ffd0ca42e94015e6379f9cfff4ba3cfd6fd6d5b2b3a56873014225d05be06ca,COMPATIBLE_EXTENSION_V64,0,INHERITED,Wave 0,Approved proven-gap backward-compatible DS API extension; v66 provider target retained.,28fa0aa37cef04096864cc21bc128c53ff1ddd1147a23c4b4c1e172170df978f,REPAIRED_A11Y_V65,PASS_STATIC,RUNTIME_BLOCKED,PASS_STATIC,PASS_STATIC,RUNTIME_BLOCKED,PASS_STATIC_RTL_SOURCE,true,Wave 0,V65-001-2DA4F1C98710|V65-001-6A8D20E938AE|V65-001-96F96830E1CB|V65-001-A2C6EA4D459D|V65-001-C39D6D75BDFA|V65-001-CDA8DAFC3CE5,Static finding(s) repaired under frozen mutation allowlist.
19,core,core/designsystem/src/main/kotlin/com/autodrive/app/core/designsystem/components/containers/ContainerComponents.kt,3ea564017e0dfe6d1922c9774caafe1d8ef1070f11c8fbd77cd1ffd2c7c9dd1c,ContainerComponents,NONE,DESIGN_SYSTEM_COMPONENT,DESIGN_SYSTEM,true,0,0,0,0,0,0,0,0,0,0,0,0,0,0,0,0,DS-CMP-010|DS-CMP-011|DS-CMP-012|DS-CMP-013,NONE,v66,v65,CONTRACT_PROVIDER,touch-target/color-only-state final verification assigned to v65; explicit sub-48 visual size is not treated as confirmed hitbox failure because Material minimum-interactive behavior may expand it,3ea564017e0dfe6d1922c9774caafe1d8ef1070f11c8fbd77cd1ffd2c7c9dd1c,UNCHANGED_FROM_V59,INHERITED,INHERITED,Historical v59 row preserved,3ea564017e0dfe6d1922c9774caafe1d8ef1070f11c8fbd77cd1ffd2c7c9dd1c,UNCHANGED_FROM_V61,INHERITED,INHERITED,v61 state carried forward; not v62 scope,3ea564017e0dfe6d1922c9774caafe1d8ef1070f11c8fbd77cd1ffd2c7c9dd1c,UNCHANGED_FROM_V62,INHERITED,INHERITED,v62 state carried forward; not v63 scope,3ea564017e0dfe6d1922c9774caafe1d8ef1070f11c8fbd77cd1ffd2c7c9dd1c,UNCHANGED_FROM_V63,INHERITED,NONE,,Carry-forward outside v64 component-adoption target.,a41e2c95e463e8960447e0121ff9788504d9b0914e3bf6465a8294aac1222dbd,REPAIRED_A11Y_V65,PASS_STATIC,RUNTIME_BLOCKED,PASS_STATIC,PASS_STATIC,NOT_REQUIRED_STATIC,PASS_STATIC_RTL_SOURCE,true,Wave 0,V65-001-BC344A0CCCBF|V65-001-F509B7348CD4,Static finding(s) repaired under frozen mutation allowlist.
20,core,core/designsystem/src/main/kotlin/com/autodrive/app/core/designsystem/components/data/DataComponents.kt,102703f69a4b7bac0cc08a7561630f325bfee0171e15166f8d4487577537db99,DataComponents,NONE,DESIGN_SYSTEM_COMPONENT,DESIGN_SYSTEM,true,0,0,16,0,0,0,0,0,0,0,0,0,0,0,0,0,DS-CMP-024|DS-CMP-025|DS-CMP-026|DS-CMP-027|DS-CMP-028|DS-CMP-029|DS-CMP-030|DS-CMP-031,NONE,v66,v65,CONTRACT_PROVIDER,lexical candidates retained separately from confirmed repeated/shared findings; touch-target/color-only-state final verification assigned to v65; explicit sub-48 visual size is not treated as confirmed hitbox failure because Material minimum-interactive behavior may expand it,102703f69a4b7bac0cc08a7561630f325bfee0171e15166f8d4487577537db99,UNCHANGED_FROM_V59,INHERITED,INHERITED,Historical v59 row preserved,102703f69a4b7bac0cc08a7561630f325bfee0171e15166f8d4487577537db99,UNCHANGED_FROM_V61,INHERITED,INHERITED,v61 state carried forward; not v62 scope,0271e4bb074ecc33bc152a76b66e21a7f661f03bce0c89f0844b3ced58ddfc3e,CARRY_FORWARD_CURRENT,INHERITED,INHERITED,v62 state carried forward; not v63 scope,0271e4bb074ecc33bc152a76b66e21a7f661f03bce0c89f0844b3ced58ddfc3e,UNCHANGED_FROM_V63,INHERITED,NONE,,Carry-forward outside v64 component-adoption target.,71e29479cbd2db829698a32d55afde49f00b908e424d2af7b26131c3be947f77,REPAIRED_A11Y_V65,PASS_STATIC,RUNTIME_BLOCKED,PASS_STATIC,PASS_STATIC,RUNTIME_BLOCKED,RUNTIME_BLOCKED,true,Wave 0,V65-001-04885218F943|V65-001-0AEB584281FB|V65-001-823BAB9242D7|V65-001-AC88ABC485B5,Static finding(s) repaired under frozen mutation allowlist.
21,core,core/designsystem/src/main/kotlin/com/autodrive/app/core/designsystem/components/feedback/FeedbackComponents.kt,3848eea77a1d518baab3931d2cb125fc5f078b5d16159ac3365189e794932498,FeedbackComponents,NONE,DESIGN_SYSTEM_COMPONENT,DESIGN_SYSTEM,true,0,0,10,1,0,0,0,0,0,0,0,0,0,0,0,0,DS-CMP-017|DS-CMP-018|DS-CMP-019|DS-CMP-020|DS-CMP-021|DS-CMP-022|DS-CMP-023,NONE,v66,v65,CONTRACT_PROVIDER,lexical candidates retained separately from confirmed repeated/shared findings; touch-target/color-only-state final verification assigned to v65; explicit sub-48 visual size is not treated as confirmed hitbox failure because Material minimum-interactive behavior may expand it,3848eea77a1d518baab3931d2cb125fc5f078b5d16159ac3365189e794932498,UNCHANGED_FROM_V59,INHERITED,INHERITED,Historical v59 row preserved,3848eea77a1d518baab3931d2cb125fc5f078b5d16159ac3365189e794932498,UNCHANGED_FROM_V61,INHERITED,INHERITED,v61 state carried forward; not v62 scope,3848eea77a1d518baab3931d2cb125fc5f078b5d16159ac3365189e794932498,UNCHANGED_FROM_V62,INHERITED,INHERITED,v62 state carried forward; not v63 scope,a8470cec63305e0dc952bd00b7d4a8ca5108b1ef711d46deeb865fa8a24c1e17,COMPATIBLE_EXTENSION_V64,0,INHERITED,Wave 0,Approved proven-gap backward-compatible DS API extension; v66 provider target retained.,df4930ae68ab288af0feb14f9b87e98b0cbfe80f1d6ed4c8820205ac28985441,REPAIRED_A11Y_V65,PASS_STATIC,PASS_STATIC,PASS_STATIC,PASS_STATIC,RUNTIME_BLOCKED,PASS_STATIC_RTL_SOURCE,true,Wave 0,V65-001-4194FD20DE99|V65-001-98B5B8DA34C7|V65-001-DABB67449173|V65-001-E41FB4AA5146,Static finding(s) repaired under frozen mutation allowlist.
22,core,core/designsystem/src/main/kotlin/com/autodrive/app/core/designsystem/components/inputs/InputComponents.kt,164789512b062fe2bc300115f12a1101e1b0cee53baeb582b09fa2deb9caddca,InputComponents,NONE,DESIGN_SYSTEM_COMPONENT,DESIGN_SYSTEM,true,0,0,2,0,0,0,0,0,0,0,0,0,0,0,0,0,DS-CMP-006|DS-CMP-007|DS-CMP-008|DS-CMP-009,NONE,v66,v65,CONTRACT_PROVIDER,lexical candidates retained separately from confirmed repeated/shared findings; touch-target/color-only-state final verification assigned to v65; explicit sub-48 visual size is not treated as confirmed hitbox failure because Material minimum-interactive behavior may expand it,164789512b062fe2bc300115f12a1101e1b0cee53baeb582b09fa2deb9caddca,UNCHANGED_FROM_V59,INHERITED,INHERITED,Historical v59 row preserved,164789512b062fe2bc300115f12a1101e1b0cee53baeb582b09fa2deb9caddca,UNCHANGED_FROM_V61,INHERITED,INHERITED,v61 state carried forward; not v62 scope,164789512b062fe2bc300115f12a1101e1b0cee53baeb582b09fa2deb9caddca,UNCHANGED_FROM_V62,INHERITED,INHERITED,v62 state carried forward; not v63 scope,46d5173bcdec4dc1301707537a176abcb93014c2aec06e05ff2ac3ae2339eeaf,COMPATIBLE_EXTENSION_V64,0,INHERITED,Wave 0,Approved proven-gap backward-compatible DS API extension; v66 provider target retained.,5f030f9e5977bdae25d00517f71dabf2c20d9684cff416014c45d06f7e277802,REPAIRED_A11Y_V65,PASS_STATIC,RUNTIME_BLOCKED,PASS_STATIC,PASS_STATIC,NOT_REQUIRED_STATIC,RUNTIME_BLOCKED,true,Wave 0,V65-001-253991148AEC|V65-001-45E4477E4200|V65-001-7BE6C232465D|V65-001-9FDE7CAEFA0A,Static finding(s) repaired under frozen mutation allowlist.
23,core,core/designsystem/src/main/kotlin/com/autodrive/app/core/designsystem/components/navigation/NavigationComponents.kt,75f9522969fc76bae8a04869b3f2e88038648919a4f6fd8852471f9f57806538,NavigationComponents,NONE,DESIGN_SYSTEM_COMPONENT,DESIGN_SYSTEM,true,0,0,8,1,0,0,0,0,0,0,0,0,0,0,0,0,DS-CMP-014|DS-CMP-015|DS-CMP-016|DS-CMP-017,NONE,v66,v65,CONTRACT_PROVIDER,lexical candidates retained separately from confirmed repeated/shared findings; touch-target/color-only-state final verification assigned to v65; explicit sub-48 visual size is not treated as confirmed hitbox failure because Material minimum-interactive behavior may expand it,75f9522969fc76bae8a04869b3f2e88038648919a4f6fd8852471f9f57806538,UNCHANGED_FROM_V59,INHERITED,INHERITED,Historical v59 row preserved,75f9522969fc76bae8a04869b3f2e88038648919a4f6fd8852471f9f57806538,UNCHANGED_FROM_V61,INHERITED,INHERITED,v61 state carried forward; not v62 scope,75f9522969fc76bae8a04869b3f2e88038648919a4f6fd8852471f9f57806538,UNCHANGED_FROM_V62,INHERITED,INHERITED,v62 state carried forward; not v63 scope,d66491936f2372f2f379bad9497d938aa1abd5d53f41fbea343cfe8751e3ab1e,COMPATIBLE_EXTENSION_V64,0,INHERITED,Wave 0,Approved proven-gap backward-compatible DS API extension; v66 provider target retained.,32243f6e4be65d641f5aba812bb5f75e89c3130a6580f4bfa38fb44f13790e29,REPAIRED_A11Y_V65,PASS_STATIC,RUNTIME_BLOCKED,PASS_STATIC,PASS_STATIC,RUNTIME_BLOCKED,RUNTIME_BLOCKED,true,Wave 0,V65-001-2708601B7EAB|V65-001-6A9DA85A21D0|V65-001-9E4A74EC5021|V65-001-D4C62EF1E2D9,Static finding(s) repaired under frozen mutation allowlist.
24,core,core/designsystem/src/main/kotlin/com/autodrive/app/core/designsystem/patterns/conversation/ConversationItem.kt,9067e96250cb5466ec08d1d6289dd9c72952a962b07570b64e5270f689715fd4,ConversationItem,NONE,DESIGN_SYSTEM_PATTERN,DESIGN_SYSTEM,true,0,0,0,0,0,0,0,0,0,0,0,0,0,0,0,0,DS-CMP-010|DS-CMP-017|DS-CMP-024|DS-CMP-025|DS-PAT-004,NONE,v66,v65,CONTRACT_PROVIDER,touch-target/color-only-state final verification assigned to v65; explicit sub-48 visual size is not treated as confirmed hitbox failure because Material minimum-interactive behavior may expand it,9067e96250cb5466ec08d1d6289dd9c72952a962b07570b64e5270f689715fd4,UNCHANGED_FROM_V59,INHERITED,INHERITED,Historical v59 row preserved,9067e96250cb5466ec08d1d6289dd9c72952a962b07570b64e5270f689715fd4,UNCHANGED_FROM_V61,INHERITED,INHERITED,v61 state carried forward; not v62 scope,9067e96250cb5466ec08d1d6289dd9c72952a962b07570b64e5270f689715fd4,UNCHANGED_FROM_V62,INHERITED,INHERITED,v62 state carried forward; not v63 scope,9067e96250cb5466ec08d1d6289dd9c72952a962b07570b64e5270f689715fd4,UNCHANGED_FROM_V63,INHERITED,NONE,,Carry-forward outside v64 component-adoption target.,060f7e36fcde8a9cf569d2145a9ba9a1418ff75b6c20f10ed061fcb77ac8ac81,REPAIRED_A11Y_V65,PASS_STATIC,PASS_STATIC,PASS_STATIC,PASS_STATIC,NOT_REQUIRED_STATIC,PASS_STATIC_RTL_SOURCE,false,Wave 0,V65-001-2147BD7A1804,Static finding(s) repaired under frozen mutation allowlist.
25,core,core/designsystem/src/main/kotlin/com/autodrive/app/core/designsystem/patterns/dashboard/DashboardHero.kt,5201239479da2ae8cd80457cf148fa605b9ae831a06be51972095d9bf846c087,DashboardHero,NONE,DESIGN_SYSTEM_PATTERN,DESIGN_SYSTEM,false,0,0,0,0,0,0,0,0,0,0,0,0,0,0,0,0,DS-CMP-012|DS-CMP-028|DS-PAT-002,NONE,v66,NOT_APPLICABLE,CONTRACT_PROVIDER,No baseline debt confirmed by v59 static classification.,5201239479da2ae8cd80457cf148fa605b9ae831a06be51972095d9bf846c087,UNCHANGED_FROM_V59,INHERITED,INHERITED,Historical v59 row preserved,5201239479da2ae8cd80457cf148fa605b9ae831a06be51972095d9bf846c087,UNCHANGED_FROM_V61,INHERITED,INHERITED,v61 state carried forward; not v62 scope,5201239479da2ae8cd80457cf148fa605b9ae831a06be51972095d9bf846c087,UNCHANGED_FROM_V62,INHERITED,INHERITED,v62 state carried forward; not v63 scope,5201239479da2ae8cd80457cf148fa605b9ae831a06be51972095d9bf846c087,UNCHANGED_FROM_V63,INHERITED,NONE,,Carry-forward outside v64 component-adoption target.,5201239479da2ae8cd80457cf148fa605b9ae831a06be51972095d9bf846c087,V65_NOT_APPLICABLE_VERIFIED,NOT_APPLICABLE,NOT_APPLICABLE,NOT_APPLICABLE,NOT_APPLICABLE,NOT_APPLICABLE,NOT_APPLICABLE,false,,,Verified exclusion: no owned visual semantic/action node; file remained byte-identical.
26,core,core/designsystem/src/main/kotlin/com/autodrive/app/core/designsystem/patterns/finance/FinancePatterns.kt,0ff8fee441e8c889e05dba015101ac792fb984340a245b13c26c24ce72e56275,FinancePatterns,NONE,DESIGN_SYSTEM_PATTERN,DESIGN_SYSTEM,true,0,0,0,0,0,0,0,0,0,0,0,0,0,0,0,0,DS-CMP-001|DS-CMP-002|DS-CMP-013|DS-CMP-018|DS-CMP-025|DS-CMP-028|DS-PAT-005|DS-PAT-006,NONE,v66,v65,CONTRACT_PROVIDER,touch-target/color-only-state final verification assigned to v65; explicit sub-48 visual size is not treated as confirmed hitbox failure because Material minimum-interactive behavior may expand it,0ff8fee441e8c889e05dba015101ac792fb984340a245b13c26c24ce72e56275,UNCHANGED_FROM_V59,INHERITED,INHERITED,Historical v59 row preserved,0ff8fee441e8c889e05dba015101ac792fb984340a245b13c26c24ce72e56275,UNCHANGED_FROM_V61,INHERITED,INHERITED,v61 state carried forward; not v62 scope,0ff8fee441e8c889e05dba015101ac792fb984340a245b13c26c24ce72e56275,UNCHANGED_FROM_V62,INHERITED,INHERITED,v62 state carried forward; not v63 scope,0ff8fee441e8c889e05dba015101ac792fb984340a245b13c26c24ce72e56275,UNCHANGED_FROM_V63,INHERITED,NONE,,Carry-forward outside v64 component-adoption target.,0ff8fee441e8c889e05dba015101ac792fb984340a245b13c26c24ce72e56275,VERIFIED_A11Y_CLEAN_V65,PASS_STATIC,PASS_STATIC,PASS_STATIC,PASS_STATIC,NOT_REQUIRED_STATIC,PASS_STATIC_RTL_SOURCE,true,Wave 0,,VERIFY_ONLY; no unjustified production mutation.
27,core,core/designsystem/src/main/kotlin/com/autodrive/app/core/designsystem/patterns/header/ScreenHeader.kt,786ad8af838cdfd6214b38edd9ac309b29f391362f4a82cc698392c021bcbebc,ScreenHeader,NONE,DESIGN_SYSTEM_PATTERN,DESIGN_SYSTEM,true,0,0,0,0,0,0,0,0,0,0,0,0,0,0,0,0,DS-CMP-015|DS-CMP-016|DS-PAT-001,NONE,v66,v65,CONTRACT_PROVIDER,touch-target/color-only-state final verification assigned to v65; explicit sub-48 visual size is not treated as confirmed hitbox failure because Material minimum-interactive behavior may expand it,786ad8af838cdfd6214b38edd9ac309b29f391362f4a82cc698392c021bcbebc,UNCHANGED_FROM_V59,INHERITED,INHERITED,Historical v59 row preserved,786ad8af838cdfd6214b38edd9ac309b29f391362f4a82cc698392c021bcbebc,UNCHANGED_FROM_V61,INHERITED,INHERITED,v61 state carried forward; not v62 scope,786ad8af838cdfd6214b38edd9ac309b29f391362f4a82cc698392c021bcbebc,UNCHANGED_FROM_V62,INHERITED,INHERITED,v62 state carried forward; not v63 scope,786ad8af838cdfd6214b38edd9ac309b29f391362f4a82cc698392c021bcbebc,UNCHANGED_FROM_V63,INHERITED,NONE,,Carry-forward outside v64 component-adoption target.,786ad8af838cdfd6214b38edd9ac309b29f391362f4a82cc698392c021bcbebc,VERIFIED_A11Y_CLEAN_V65,PASS_STATIC,PASS_STATIC,PASS_STATIC,PASS_STATIC,NOT_REQUIRED_STATIC,PASS_STATIC_RTL_SOURCE,false,Wave 0,,VERIFY_ONLY; no unjustified production mutation.
28,core,core/designsystem/src/main/kotlin/com/autodrive/app/core/designsystem/patterns/media/MediaActionGroup.kt,b5b71f1458133fcdb6d266c32f3dac010f46ec971e16c0c2669edb513f84b0f3,MediaActionGroup,NONE,DESIGN_SYSTEM_PATTERN,DESIGN_SYSTEM,false,0,0,0,0,0,0,0,0,0,0,0,0,0,0,0,0,DS-CMP-004|DS-CMP-010|DS-CMP-013|DS-CMP-029|DS-PAT-010,NONE,v66,NOT_APPLICABLE,CONTRACT_PROVIDER,No baseline debt confirmed by v59 static classification.,b5b71f1458133fcdb6d266c32f3dac010f46ec971e16c0c2669edb513f84b0f3,UNCHANGED_FROM_V59,INHERITED,INHERITED,Historical v59 row preserved,b5b71f1458133fcdb6d266c32f3dac010f46ec971e16c0c2669edb513f84b0f3,UNCHANGED_FROM_V61,INHERITED,INHERITED,v61 state carried forward; not v62 scope,b5b71f1458133fcdb6d266c32f3dac010f46ec971e16c0c2669edb513f84b0f3,UNCHANGED_FROM_V62,INHERITED,INHERITED,v62 state carried forward; not v63 scope,b5b71f1458133fcdb6d266c32f3dac010f46ec971e16c0c2669edb513f84b0f3,UNCHANGED_FROM_V63,INHERITED,NONE,,Carry-forward outside v64 component-adoption target.,b5b71f1458133fcdb6d266c32f3dac010f46ec971e16c0c2669edb513f84b0f3,RECLASSIFIED_V65,PASS_STATIC,PASS_STATIC,PASS_STATIC,PASS_STATIC,NOT_REQUIRED_STATIC,RUNTIME_BLOCKED,true,Wave 0,,interactive source evidence: AutoDriveIconButton camera/gallery/voice/remove/stop VERIFY_ONLY; no unjustified production mutation.
29,core,core/designsystem/src/main/kotlin/com/autodrive/app/core/designsystem/patterns/metrics/MetricSummary.kt,318f9cb8289432bc4269daa942e131473ce3b43ce9ce17879df525b736b1b144,MetricSummary,NONE,DESIGN_SYSTEM_PATTERN,DESIGN_SYSTEM,true,0,0,0,0,0,0,0,0,0,0,0,0,0,0,0,0,DS-CMP-011|DS-CMP-026|DS-PAT-003,NONE,v66,v65,CONTRACT_PROVIDER,touch-target/color-only-state final verification assigned to v65; explicit sub-48 visual size is not treated as confirmed hitbox failure because Material minimum-interactive behavior may expand it,318f9cb8289432bc4269daa942e131473ce3b43ce9ce17879df525b736b1b144,UNCHANGED_FROM_V59,INHERITED,INHERITED,Historical v59 row preserved,318f9cb8289432bc4269daa942e131473ce3b43ce9ce17879df525b736b1b144,UNCHANGED_FROM_V61,INHERITED,INHERITED,v61 state carried forward; not v62 scope,318f9cb8289432bc4269daa942e131473ce3b43ce9ce17879df525b736b1b144,UNCHANGED_FROM_V62,INHERITED,INHERITED,v62 state carried forward; not v63 scope,318f9cb8289432bc4269daa942e131473ce3b43ce9ce17879df525b736b1b144,UNCHANGED_FROM_V63,INHERITED,NONE,,Carry-forward outside v64 component-adoption target.,318f9cb8289432bc4269daa942e131473ce3b43ce9ce17879df525b736b1b144,VERIFIED_A11Y_CLEAN_V65,PASS_STATIC,PASS_STATIC,PASS_STATIC,PASS_STATIC,NOT_REQUIRED_STATIC,PASS_STATIC_RTL_SOURCE,false,Wave 0,,VERIFY_ONLY; no unjustified production mutation.
30,core,core/designsystem/src/main/kotlin/com/autodrive/app/core/designsystem/patterns/reports/ReportStatTile.kt,a2f0718e4531e3f9885319c1f39b2a4cb5beaa01912df582b26be2e3fefc901e,ReportStatTile,NONE,DESIGN_SYSTEM_PATTERN,DESIGN_SYSTEM,true,0,0,0,0,0,0,0,0,0,0,0,0,0,0,0,0,DS-CMP-011|DS-PAT-009,NONE,v66,v65,CONTRACT_PROVIDER,touch-target/color-only-state final verification assigned to v65; explicit sub-48 visual size is not treated as confirmed hitbox failure because Material minimum-interactive behavior may expand it,a2f0718e4531e3f9885319c1f39b2a4cb5beaa01912df582b26be2e3fefc901e,UNCHANGED_FROM_V59,INHERITED,INHERITED,Historical v59 row preserved,a2f0718e4531e3f9885319c1f39b2a4cb5beaa01912df582b26be2e3fefc901e,UNCHANGED_FROM_V61,INHERITED,INHERITED,v61 state carried forward; not v62 scope,a2f0718e4531e3f9885319c1f39b2a4cb5beaa01912df582b26be2e3fefc901e,UNCHANGED_FROM_V62,INHERITED,INHERITED,v62 state carried forward; not v63 scope,a2f0718e4531e3f9885319c1f39b2a4cb5beaa01912df582b26be2e3fefc901e,UNCHANGED_FROM_V63,INHERITED,NONE,,Carry-forward outside v64 component-adoption target.,a2f0718e4531e3f9885319c1f39b2a4cb5beaa01912df582b26be2e3fefc901e,VERIFIED_A11Y_CLEAN_V65,PASS_STATIC,PASS_STATIC,PASS_STATIC,PASS_STATIC,NOT_REQUIRED_STATIC,PASS_STATIC_RTL_SOURCE,false,Wave 0,,VERIFY_ONLY; no unjustified production mutation.
31,core,core/designsystem/src/main/kotlin/com/autodrive/app/core/designsystem/patterns/search/SearchResultsList.kt,be7b9ec85db7109acc3204c6fc43cab7cb871efce5ce23a3a7276caf496dda14,SearchResultsList,NONE,DESIGN_SYSTEM_PATTERN,DESIGN_SYSTEM,false,0,0,0,0,0,0,0,0,0,0,0,0,0,0,0,0,DS-CMP-007|DS-CMP-022|DS-CMP-023|DS-PAT-011,NONE,v66,NOT_APPLICABLE,CONTRACT_PROVIDER,No baseline debt confirmed by v59 static classification.,be7b9ec85db7109acc3204c6fc43cab7cb871efce5ce23a3a7276caf496dda14,UNCHANGED_FROM_V59,INHERITED,INHERITED,Historical v59 row preserved,be7b9ec85db7109acc3204c6fc43cab7cb871efce5ce23a3a7276caf496dda14,UNCHANGED_FROM_V61,INHERITED,INHERITED,v61 state carried forward; not v62 scope,be7b9ec85db7109acc3204c6fc43cab7cb871efce5ce23a3a7276caf496dda14,UNCHANGED_FROM_V62,INHERITED,INHERITED,v62 state carried forward; not v63 scope,be7b9ec85db7109acc3204c6fc43cab7cb871efce5ce23a3a7276caf496dda14,UNCHANGED_FROM_V63,INHERITED,NONE,,Carry-forward outside v64 component-adoption target.,be7b9ec85db7109acc3204c6fc43cab7cb871efce5ce23a3a7276caf496dda14,RECLASSIFIED_V65,PASS_STATIC,PASS_STATIC,PASS_STATIC,PASS_STATIC,NOT_REQUIRED_STATIC,PASS_STATIC_RTL_SOURCE,false,Wave 0,,interactive source evidence: AutoDriveSearchField query/onQueryChange VERIFY_ONLY; no unjustified production mutation.
32,core,core/designsystem/src/main/kotlin/com/autodrive/app/core/designsystem/patterns/settings/SettingsPatterns.kt,09175af564c30693a1f78b1f2025b80e7a068a62d7181487469a1b6aae9c4eb5,SettingsPatterns,NONE,DESIGN_SYSTEM_PATTERN,DESIGN_SYSTEM,true,0,0,0,0,0,0,0,0,1,0,0,0,0,0,0,0,DS-CMP-010|DS-CMP-018|DS-CMP-025|DS-CMP-026|DS-CMP-027|DS-PAT-007|DS-PAT-008,NONE,v63,v65,DEBT_RECORDED,touch-target/color-only-state final verification assigned to v65; explicit sub-48 visual size is not treated as confirmed hitbox failure because Material minimum-interactive behavior may expand it,09175af564c30693a1f78b1f2025b80e7a068a62d7181487469a1b6aae9c4eb5,UNCHANGED_FROM_V59,INHERITED,INHERITED,Historical v59 row preserved,09175af564c30693a1f78b1f2025b80e7a068a62d7181487469a1b6aae9c4eb5,UNCHANGED_FROM_V61,INHERITED,INHERITED,v61 state carried forward; not v62 scope,ca58884dad289b19d09cbcb7cb8cfff962d418ead14c2c3d7881d1109ff46863,MIGRATED_V63,0,0,DS59-SETTINGS-001 resolved via typed AutoDriveListRow titleTone; disabled precedence/semantics retained.,ca58884dad289b19d09cbcb7cb8cfff962d418ead14c2c3d7881d1109ff46863,UNCHANGED_FROM_V63,0,NONE,,Carry-forward outside v64 component-adoption target.,ca58884dad289b19d09cbcb7cb8cfff962d418ead14c2c3d7881d1109ff46863,VERIFIED_A11Y_CLEAN_V65,PASS_STATIC,PASS_STATIC,PASS_STATIC,PASS_STATIC,NOT_REQUIRED_STATIC,RUNTIME_BLOCKED,true,Wave 0,,VERIFY_ONLY; no unjustified production mutation.
33,core,core/designsystem/src/main/kotlin/com/autodrive/app/core/designsystem/patterns/state/StateScreens.kt,8d8a2261d907ed8b69dadd141da3f7908c9f13c19653c145268c47a382037a44,StateScreens,NONE,DESIGN_SYSTEM_PATTERN,DESIGN_SYSTEM,true,0,0,0,0,0,0,0,0,0,0,0,0,0,0,0,0,DS-CMP-001|DS-CMP-022|DS-CMP-023|DS-PAT-012|DS-PAT-013|DS-PAT-014,NONE,v66,v65,CONTRACT_PROVIDER,touch-target/color-only-state final verification assigned to v65; explicit sub-48 visual size is not treated as confirmed hitbox failure because Material minimum-interactive behavior may expand it,8d8a2261d907ed8b69dadd141da3f7908c9f13c19653c145268c47a382037a44,UNCHANGED_FROM_V59,INHERITED,INHERITED,Historical v59 row preserved,8d8a2261d907ed8b69dadd141da3f7908c9f13c19653c145268c47a382037a44,UNCHANGED_FROM_V61,INHERITED,INHERITED,v61 state carried forward; not v62 scope,8d8a2261d907ed8b69dadd141da3f7908c9f13c19653c145268c47a382037a44,UNCHANGED_FROM_V62,INHERITED,INHERITED,v62 state carried forward; not v63 scope,8d8a2261d907ed8b69dadd141da3f7908c9f13c19653c145268c47a382037a44,UNCHANGED_FROM_V63,INHERITED,NONE,,Carry-forward outside v64 component-adoption target.,8d8a2261d907ed8b69dadd141da3f7908c9f13c19653c145268c47a382037a44,VERIFIED_A11Y_CLEAN_V65,PASS_STATIC,PASS_STATIC,PASS_STATIC,PASS_STATIC,NOT_REQUIRED_STATIC,PASS_STATIC_RTL_SOURCE,true,Wave 0,,VERIFY_ONLY; no unjustified production mutation.
34,core,core/designsystem/src/main/kotlin/com/autodrive/app/core/designsystem/theme/Theme.kt,3098f1bd00a70be1bd4db80a3fbf219948560991fc895016d4913e612233c0b6,Theme,NONE,DESIGN_SYSTEM_THEME,DESIGN_SYSTEM,false,0,0,0,0,0,0,0,0,0,0,0,0,0,0,0,0,NONE,NONE,v66,NOT_APPLICABLE,CONTRACT_PROVIDER,No baseline debt confirmed by v59 static classification.,3098f1bd00a70be1bd4db80a3fbf219948560991fc895016d4913e612233c0b6,UNCHANGED_FROM_V59,INHERITED,INHERITED,Historical v59 row preserved,3098f1bd00a70be1bd4db80a3fbf219948560991fc895016d4913e612233c0b6,UNCHANGED_FROM_V61,INHERITED,INHERITED,v61 state carried forward; not v62 scope,3098f1bd00a70be1bd4db80a3fbf219948560991fc895016d4913e612233c0b6,UNCHANGED_FROM_V62,INHERITED,INHERITED,v62 state carried forward; not v63 scope,3098f1bd00a70be1bd4db80a3fbf219948560991fc895016d4913e612233c0b6,UNCHANGED_FROM_V63,INHERITED,NONE,,Carry-forward outside v64 component-adoption target.,3098f1bd00a70be1bd4db80a3fbf219948560991fc895016d4913e612233c0b6,V65_NOT_APPLICABLE_VERIFIED,NOT_APPLICABLE,NOT_APPLICABLE,NOT_APPLICABLE,NOT_APPLICABLE,NOT_APPLICABLE,NOT_APPLICABLE,false,,,Verified exclusion: no owned visual semantic/action node; file remained byte-identical.
35,feature,feature/auth/src/main/kotlin/com/autodrive/app/feature/auth/presentation/join/CodeInputScreen.kt,2c7124596398d941629a401e8dc94e44b4cf6448b6e3f608097e492e0ec8aacc,CodeInputScreen,code_input,AUTH,APP_FEATURE,true,0,1,16,1,0,0,0,0,0,3,3,0,0,0,0,0,DS-CMP-001,NONE,v64,v65,DEBT_RECORDED,lexical candidates retained separately from confirmed repeated/shared findings; Material candidates=3; confirmed exact mappings=3; touch-target/color-only-state final verification assigned to v65; explicit sub-48 visual size is not treated as confirmed hitbox failure because Material minimum-interactive behavior may expand it,2c7124596398d941629a401e8dc94e44b4cf6448b6e3f608097e492e0ec8aacc,UNCHANGED_FROM_V59,INHERITED,INHERITED,Historical v59 row preserved,2c7124596398d941629a401e8dc94e44b4cf6448b6e3f608097e492e0ec8aacc,UNCHANGED_FROM_V61,INHERITED,INHERITED,v61 state carried forward; not v62 scope,2c7124596398d941629a401e8dc94e44b4cf6448b6e3f608097e492e0ec8aacc,UNCHANGED_FROM_V62,INHERITED,INHERITED,v62 state carried forward; not v63 scope,9273892e1ab842a469defbe6146edb4137aad130cad42840cba5415665c083b7,MIGRATED_V64,0,NONE,Wave B,Official component adoption complete; behavior ownership preserved.,4f44625ebef37d11bc6e124e794ae24f073da4ed97ac711697df6cadb84321b2,REPAIRED_A11Y_V65,PASS_STATIC,RUNTIME_BLOCKED,PASS_STATIC,PASS_STATIC,RUNTIME_BLOCKED,PASS_STATIC_RTL_SOURCE,true,Wave B,V65-002-9A2F14E5AC99,Static finding(s) repaired under frozen mutation allowlist.
36,feature,feature/auth/src/main/kotlin/com/autodrive/app/feature/auth/presentation/join/WaitingScreen.kt,0f77936bd7f2469be778839d5d81263b6b451aa4196dfff2ac737c13977a7fa8,WaitingScreen,waiting,AUTH,APP_FEATURE,true,0,0,13,0,0,0,0,0,0,1,1,0,0,0,0,0,DS-CMP-001|DS-CMP-010,NONE,v64,v65,DEBT_RECORDED,lexical candidates retained separately from confirmed repeated/shared findings; Material candidates=1; confirmed exact mappings=1; touch-target/color-only-state final verification assigned to v65; explicit sub-48 visual size is not treated as confirmed hitbox failure because Material minimum-interactive behavior may expand it,0f77936bd7f2469be778839d5d81263b6b451aa4196dfff2ac737c13977a7fa8,UNCHANGED_FROM_V59,INHERITED,INHERITED,Historical v59 row preserved,0f77936bd7f2469be778839d5d81263b6b451aa4196dfff2ac737c13977a7fa8,UNCHANGED_FROM_V61,INHERITED,INHERITED,v61 state carried forward; not v62 scope,0f77936bd7f2469be778839d5d81263b6b451aa4196dfff2ac737c13977a7fa8,UNCHANGED_FROM_V62,INHERITED,INHERITED,v62 state carried forward; not v63 scope,2e9a4df7731ad5cb141cfae01b9ae0c7aeedee38f17eb0273c8f2e1999bd59ba,MIGRATED_V64,0,NONE,Wave B,Official component adoption complete; behavior ownership preserved.,2e9a4df7731ad5cb141cfae01b9ae0c7aeedee38f17eb0273c8f2e1999bd59ba,VERIFIED_A11Y_CLEAN_V65,PASS_STATIC,RUNTIME_BLOCKED,PASS_STATIC,PASS_STATIC,RUNTIME_BLOCKED,PASS_STATIC_RTL_SOURCE,true,Wave B,,VERIFY_ONLY; no unjustified production mutation.
37,feature,feature/auth/src/main/kotlin/com/autodrive/app/feature/auth/presentation/join/WelcomeScreen.kt,8f1f3fcb23b01482f965489740f47be4e5614e95585029c4bf5083a69883a09d,WelcomeScreen,welcome,AUTH,APP_FEATURE,true,0,0,3,0,0,0,0,0,0,0,0,0,0,0,0,0,DS-CMP-001,NONE,v64,v65,CLEAN_AT_BASELINE,lexical candidates retained separately from confirmed repeated/shared findings; touch-target/color-only-state final verification assigned to v65; explicit sub-48 visual size is not treated as confirmed hitbox failure because Material minimum-interactive behavior may expand it,8f1f3fcb23b01482f965489740f47be4e5614e95585029c4bf5083a69883a09d,UNCHANGED_FROM_V59,INHERITED,INHERITED,Historical v59 row preserved,8f1f3fcb23b01482f965489740f47be4e5614e95585029c4bf5083a69883a09d,UNCHANGED_FROM_V61,INHERITED,INHERITED,v61 state carried forward; not v62 scope,8f1f3fcb23b01482f965489740f47be4e5614e95585029c4bf5083a69883a09d,UNCHANGED_FROM_V62,INHERITED,INHERITED,v62 state carried forward; not v63 scope,8f1f3fcb23b01482f965489740f47be4e5614e95585029c4bf5083a69883a09d,VERIFIED_CLEAN_CARRY_FORWARD,0,NONE,Wave B,No production edit; v63 hash preserved.,8f1f3fcb23b01482f965489740f47be4e5614e95585029c4bf5083a69883a09d,VERIFIED_A11Y_CLEAN_V65,PASS_STATIC,RUNTIME_BLOCKED,PASS_STATIC,PASS_STATIC,RUNTIME_BLOCKED,PASS_STATIC_RTL_SOURCE,true,Wave B,,VERIFY_ONLY; no unjustified production mutation.
38,feature,feature/auth/src/main/kotlin/com/autodrive/app/feature/auth/presentation/login/LoginScreen.kt,c1e8e9abd9e41553e65f519972e830bce13dc06928b6c17b5d4e5249acfddd3a,LoginScreen,NONE,AUTH,APP_FEATURE,true,0,1,10,1,0,0,0,0,0,0,0,0,0,0,0,0,DS-CMP-001|DS-CMP-003|DS-CMP-024,NONE,v64,v65,CLEAN_AT_BASELINE,lexical candidates retained separately from confirmed repeated/shared findings; touch-target/color-only-state final verification assigned to v65; explicit sub-48 visual size is not treated as confirmed hitbox failure because Material minimum-interactive behavior may expand it,c1e8e9abd9e41553e65f519972e830bce13dc06928b6c17b5d4e5249acfddd3a,UNCHANGED_FROM_V59,INHERITED,INHERITED,Historical v59 row preserved,c1e8e9abd9e41553e65f519972e830bce13dc06928b6c17b5d4e5249acfddd3a,UNCHANGED_FROM_V61,INHERITED,INHERITED,v61 state carried forward; not v62 scope,c1e8e9abd9e41553e65f519972e830bce13dc06928b6c17b5d4e5249acfddd3a,UNCHANGED_FROM_V62,INHERITED,INHERITED,v62 state carried forward; not v63 scope,c1e8e9abd9e41553e65f519972e830bce13dc06928b6c17b5d4e5249acfddd3a,VERIFIED_CLEAN_CARRY_FORWARD,0,NONE,Wave B,No production edit; v63 hash preserved.,c1e8e9abd9e41553e65f519972e830bce13dc06928b6c17b5d4e5249acfddd3a,VERIFIED_A11Y_CLEAN_V65,PASS_STATIC,RUNTIME_BLOCKED,PASS_STATIC,PASS_STATIC,RUNTIME_BLOCKED,PASS_STATIC_RTL_SOURCE,true,Wave B,,VERIFY_ONLY; no unjustified production mutation.
39,feature,feature/auth/src/main/kotlin/com/autodrive/app/feature/auth/presentation/login/OtpInputScreen.kt,95f367e4d61da485ee1d469dea74669f9c0646e3877ba217e622eb5dcdade924,OtpInputScreen,otp_input/{phoneNumber}?devOtp={devOtp},AUTH,APP_FEATURE,true,0,1,25,5,0,0,0,0,0,1,1,0,0,0,0,0,NONE,NONE,v64,v65,DEBT_RECORDED,lexical candidates retained separately from confirmed repeated/shared findings; Material candidates=1; confirmed exact mappings=1; touch-target/color-only-state final verification assigned to v65; explicit sub-48 visual size is not treated as confirmed hitbox failure because Material minimum-interactive behavior may expand it,95f367e4d61da485ee1d469dea74669f9c0646e3877ba217e622eb5dcdade924,UNCHANGED_FROM_V59,INHERITED,INHERITED,Historical v59 row preserved,95f367e4d61da485ee1d469dea74669f9c0646e3877ba217e622eb5dcdade924,UNCHANGED_FROM_V61,INHERITED,INHERITED,v61 state carried forward; not v62 scope,95f367e4d61da485ee1d469dea74669f9c0646e3877ba217e622eb5dcdade924,UNCHANGED_FROM_V62,INHERITED,INHERITED,v62 state carried forward; not v63 scope,ec8b639652ebbe16e58963a0a77871fbcacfe3984ac7443c47e06c49d0765611,MIGRATED_V64,0,NONE,Wave B,Official component adoption complete; behavior ownership preserved.,ec8b639652ebbe16e58963a0a77871fbcacfe3984ac7443c47e06c49d0765611,VERIFIED_A11Y_CLEAN_V65,PASS_STATIC,RUNTIME_BLOCKED,PASS_STATIC,PASS_STATIC,RUNTIME_BLOCKED,RUNTIME_BLOCKED,true,Wave B,,VERIFY_ONLY; no unjustified production mutation.
40,feature,feature/auth/src/main/kotlin/com/autodrive/app/feature/auth/presentation/login/PhoneInputScreen.kt,6155413d2889d8dad7f739a3ae99867cb24a91bbd2dbe7b633b5f30344497f8d,PhoneInputScreen,phone_input,AUTH,APP_FEATURE,true,0,1,12,1,0,0,0,0,0,2,2,0,0,0,0,0,DS-CMP-001,NONE,v64,v65,DEBT_RECORDED,lexical candidates retained separately from confirmed repeated/shared findings; Material candidates=2; confirmed exact mappings=2; touch-target/color-only-state final verification assigned to v65; explicit sub-48 visual size is not treated as confirmed hitbox failure because Material minimum-interactive behavior may expand it,6155413d2889d8dad7f739a3ae99867cb24a91bbd2dbe7b633b5f30344497f8d,UNCHANGED_FROM_V59,INHERITED,INHERITED,Historical v59 row preserved,6155413d2889d8dad7f739a3ae99867cb24a91bbd2dbe7b633b5f30344497f8d,UNCHANGED_FROM_V61,INHERITED,INHERITED,v61 state carried forward; not v62 scope,6155413d2889d8dad7f739a3ae99867cb24a91bbd2dbe7b633b5f30344497f8d,UNCHANGED_FROM_V62,INHERITED,INHERITED,v62 state carried forward; not v63 scope,5ca1ce40124106553754a8f7da47a9b872f242d7c7edd6ba209601ecaf982933,MIGRATED_V64,0,NONE,Wave B,Official component adoption complete; behavior ownership preserved.,5ca1ce40124106553754a8f7da47a9b872f242d7c7edd6ba209601ecaf982933,VERIFIED_A11Y_CLEAN_V65,PASS_STATIC,RUNTIME_BLOCKED,PASS_STATIC,PASS_STATIC,RUNTIME_BLOCKED,PASS_STATIC_RTL_SOURCE,true,Wave B,,VERIFY_ONLY; no unjustified production mutation.
41,feature,feature/auth/src/main/kotlin/com/autodrive/app/feature/auth/presentation/login/TermsScreen.kt,e28cf7dd94d21f9553c1c00884c46316d2a96f0e3b7cd003fdec92c2a36f04a5,TermsScreen,NONE,AUTH,APP_FEATURE,true,0,1,9,2,0,0,0,0,0,1,1,0,0,0,0,0,DS-CMP-001,NONE,v64,v65,DEBT_RECORDED,lexical candidates retained separately from confirmed repeated/shared findings; Material candidates=1; confirmed exact mappings=1; touch-target/color-only-state final verification assigned to v65; explicit sub-48 visual size is not treated as confirmed hitbox failure because Material minimum-interactive behavior may expand it,e28cf7dd94d21f9553c1c00884c46316d2a96f0e3b7cd003fdec92c2a36f04a5,UNCHANGED_FROM_V59,INHERITED,INHERITED,Historical v59 row preserved,e28cf7dd94d21f9553c1c00884c46316d2a96f0e3b7cd003fdec92c2a36f04a5,UNCHANGED_FROM_V61,INHERITED,INHERITED,v61 state carried forward; not v62 scope,e28cf7dd94d21f9553c1c00884c46316d2a96f0e3b7cd003fdec92c2a36f04a5,UNCHANGED_FROM_V62,INHERITED,INHERITED,v62 state carried forward; not v63 scope,389676823832a891d68cb0e248ba9b124f6b9000f5960b6547b29a4d501872ee,MIGRATED_V64,0,NONE,Wave B,Official component adoption complete; behavior ownership preserved.,389676823832a891d68cb0e248ba9b124f6b9000f5960b6547b29a4d501872ee,VERIFIED_A11Y_CLEAN_V65,PASS_STATIC,RUNTIME_BLOCKED,PASS_STATIC,PASS_STATIC,RUNTIME_BLOCKED,PASS_STATIC_RTL_SOURCE,true,Wave B,,VERIFY_ONLY; no unjustified production mutation.
42,feature,feature/auth/src/main/kotlin/com/autodrive/app/feature/auth/presentation/register/AccountTypeScreen.kt,19a5a010275cbb78eb9b883b9cb4b60984bcec82bc14e56b9acbd357f5fc9185,AccountTypeScreen,account_type,AUTH,APP_FEATURE,true,0,0,14,2,0,0,0,0,0,0,0,0,0,0,0,0,DS-CMP-001|DS-CMP-030,NONE,v64,v65,CLEAN_AT_BASELINE,lexical candidates retained separately from confirmed repeated/shared findings; touch-target/color-only-state final verification assigned to v65; explicit sub-48 visual size is not treated as confirmed hitbox failure because Material minimum-interactive behavior may expand it,19a5a010275cbb78eb9b883b9cb4b60984bcec82bc14e56b9acbd357f5fc9185,UNCHANGED_FROM_V59,INHERITED,INHERITED,Historical v59 row preserved,19a5a010275cbb78eb9b883b9cb4b60984bcec82bc14e56b9acbd357f5fc9185,UNCHANGED_FROM_V61,INHERITED,INHERITED,v61 state carried forward; not v62 scope,19a5a010275cbb78eb9b883b9cb4b60984bcec82bc14e56b9acbd357f5fc9185,UNCHANGED_FROM_V62,INHERITED,INHERITED,v62 state carried forward; not v63 scope,19a5a010275cbb78eb9b883b9cb4b60984bcec82bc14e56b9acbd357f5fc9185,VERIFIED_CLEAN_CARRY_FORWARD,0,NONE,Wave B,No production edit; v63 hash preserved.,5c2f3e86eb6739940a7a807440ee842b4eecc0507f808c7377fd06da6cbbbf9a,REPAIRED_A11Y_V65,PASS_STATIC,RUNTIME_BLOCKED,PASS_STATIC,PASS_STATIC,RUNTIME_BLOCKED,PASS_STATIC_RTL_SOURCE,true,Wave B,V65-001-CDE9E53CDD48,Static finding(s) repaired under frozen mutation allowlist.
43,feature,feature/auth/src/main/kotlin/com/autodrive/app/feature/auth/presentation/register/RegisterScreens.kt,1bf84a0baa974d0a8bf0c447ebf11e37fdded6ea0df9bbbc621e7d8de2b32e9a,RegisterScreens,NONE,AUTH,APP_FEATURE,true,0,0,28,0,0,0,0,0,0,2,2,0,0,0,0,0,DS-CMP-001|DS-CMP-006|DS-CMP-009|DS-CMP-030,NONE,v64,v65,DEBT_RECORDED,lexical candidates retained separately from confirmed repeated/shared findings; Material candidates=2; confirmed exact mappings=2; touch-target/color-only-state final verification assigned to v65; explicit sub-48 visual size is not treated as confirmed hitbox failure because Material minimum-interactive behavior may expand it,1bf84a0baa974d0a8bf0c447ebf11e37fdded6ea0df9bbbc621e7d8de2b32e9a,UNCHANGED_FROM_V59,INHERITED,INHERITED,Historical v59 row preserved,1bf84a0baa974d0a8bf0c447ebf11e37fdded6ea0df9bbbc621e7d8de2b32e9a,UNCHANGED_FROM_V61,INHERITED,INHERITED,v61 state carried forward; not v62 scope,1bf84a0baa974d0a8bf0c447ebf11e37fdded6ea0df9bbbc621e7d8de2b32e9a,UNCHANGED_FROM_V62,INHERITED,INHERITED,v62 state carried forward; not v63 scope,5d6c6b6106a65a743c372d91e0366f603c160ecf38ca50e5201996be326fc1e5,MIGRATED_V64,0,NONE,Wave B,Official component adoption complete; behavior ownership preserved.,5d6c6b6106a65a743c372d91e0366f603c160ecf38ca50e5201996be326fc1e5,VERIFIED_A11Y_CLEAN_V65,PASS_STATIC,RUNTIME_BLOCKED,PASS_STATIC,PASS_STATIC,RUNTIME_BLOCKED,PASS_STATIC_RTL_SOURCE,true,Wave B,,VERIFY_ONLY; no unjustified production mutation.
44,feature,feature/balance/src/main/kotlin/com/autodrive/app/feature/balance/presentation/BalanceComponents.kt,8766c151eb4fdc653c6de8732ac526fa84eb15bd4a06a1a6caad044eb370ea9d,BalanceComponents,NONE,BALANCE,APP_FEATURE,true,0,1,40,12,0,0,0,0,0,2,1,0,0,0,0,0,DS-PAT-005,NONE,v64,v65,DEBT_RECORDED,lexical candidates retained separately from confirmed repeated/shared findings; Material candidates=2; confirmed exact mappings=1; touch-target/color-only-state final verification assigned to v65; explicit sub-48 visual size is not treated as confirmed hitbox failure because Material minimum-interactive behavior may expand it,8766c151eb4fdc653c6de8732ac526fa84eb15bd4a06a1a6caad044eb370ea9d,UNCHANGED_FROM_V59,INHERITED,INHERITED,Historical v59 row preserved,8766c151eb4fdc653c6de8732ac526fa84eb15bd4a06a1a6caad044eb370ea9d,UNCHANGED_FROM_V61,INHERITED,INHERITED,v61 state carried forward; not v62 scope,8766c151eb4fdc653c6de8732ac526fa84eb15bd4a06a1a6caad044eb370ea9d,UNCHANGED_FROM_V62,INHERITED,INHERITED,v62 state carried forward; not v63 scope,fbe8fb342726a7ebc71a7418dfe39a5678293b018cb090c6b07617664149627e,MIGRATED_V64,0,RESOLVED_V64,Wave A,Official component adoption complete; behavior ownership preserved.,fbe8fb342726a7ebc71a7418dfe39a5678293b018cb090c6b07617664149627e,VERIFIED_A11Y_CLEAN_V65,PASS_STATIC,RUNTIME_BLOCKED,PASS_STATIC,PASS_STATIC,RUNTIME_BLOCKED,PASS_STATIC_RTL_SOURCE,true,Wave C,,VERIFY_ONLY; no unjustified production mutation.
45,feature,feature/balance/src/main/kotlin/com/autodrive/app/feature/balance/presentation/BalanceScreen.kt,b84c23a020cbc7aeec5ae0517f07b7ae86fa4f22ed1735ec02fa4b3f0971d6b2,BalanceScreen,balance,BALANCE,APP_FEATURE,true,0,0,0,0,0,0,0,0,0,0,0,0,0,0,0,0,DS-CMP-002|DS-CMP-003|DS-CMP-019|DS-CMP-020|DS-CMP-023|DS-CMP-026|DS-CMP-028|DS-PAT-001|DS-PAT-002|DS-PAT-006|DS-PAT-013|DS-PAT-014,NONE,v64,v65,CLEAN_AT_BASELINE,touch-target/color-only-state final verification assigned to v65; explicit sub-48 visual size is not treated as confirmed hitbox failure because Material minimum-interactive behavior may expand it,b84c23a020cbc7aeec5ae0517f07b7ae86fa4f22ed1735ec02fa4b3f0971d6b2,UNCHANGED_FROM_V59,INHERITED,INHERITED,Historical v59 row preserved,b84c23a020cbc7aeec5ae0517f07b7ae86fa4f22ed1735ec02fa4b3f0971d6b2,UNCHANGED_FROM_V61,INHERITED,INHERITED,v61 state carried forward; not v62 scope,b84c23a020cbc7aeec5ae0517f07b7ae86fa4f22ed1735ec02fa4b3f0971d6b2,UNCHANGED_FROM_V62,INHERITED,INHERITED,v62 state carried forward; not v63 scope,b84c23a020cbc7aeec5ae0517f07b7ae86fa4f22ed1735ec02fa4b3f0971d6b2,VERIFIED_CLEAN_CARRY_FORWARD,0,NONE,Wave A,No production edit; v63 hash preserved.,b84c23a020cbc7aeec5ae0517f07b7ae86fa4f22ed1735ec02fa4b3f0971d6b2,VERIFIED_A11Y_CLEAN_V65,PASS_STATIC,PASS_STATIC,PASS_STATIC,PASS_STATIC,NOT_REQUIRED_STATIC,PASS_STATIC_RTL_SOURCE,true,Wave C,,VERIFY_ONLY; no unjustified production mutation.
46,feature,feature/balance/src/main/kotlin/com/autodrive/app/feature/balance/presentation/WithdrawalSheet.kt,6f960bddcbc1cda4d6c824f52d592c9088763f806abf6fc3a1eec1e28e2e99e8,WithdrawalSheet,NONE,BALANCE,APP_FEATURE,true,0,0,0,0,0,0,0,0,0,0,0,0,0,0,0,0,DS-CMP-001|DS-CMP-002|DS-CMP-006|DS-CMP-008|DS-CMP-021,NONE,v64,v65,CLEAN_AT_BASELINE,touch-target/color-only-state final verification assigned to v65; explicit sub-48 visual size is not treated as confirmed hitbox failure because Material minimum-interactive behavior may expand it,6f960bddcbc1cda4d6c824f52d592c9088763f806abf6fc3a1eec1e28e2e99e8,UNCHANGED_FROM_V59,INHERITED,INHERITED,Historical v59 row preserved,6f960bddcbc1cda4d6c824f52d592c9088763f806abf6fc3a1eec1e28e2e99e8,UNCHANGED_FROM_V61,INHERITED,INHERITED,v61 state carried forward; not v62 scope,6f960bddcbc1cda4d6c824f52d592c9088763f806abf6fc3a1eec1e28e2e99e8,UNCHANGED_FROM_V62,INHERITED,INHERITED,v62 state carried forward; not v63 scope,6f960bddcbc1cda4d6c824f52d592c9088763f806abf6fc3a1eec1e28e2e99e8,VERIFIED_CLEAN_CARRY_FORWARD,0,NONE,Wave A,No production edit; v63 hash preserved.,6f960bddcbc1cda4d6c824f52d592c9088763f806abf6fc3a1eec1e28e2e99e8,VERIFIED_A11Y_CLEAN_V65,PASS_STATIC,PASS_STATIC,PASS_STATIC,PASS_STATIC,NOT_REQUIRED_STATIC,PASS_STATIC_RTL_SOURCE,true,Wave C,,VERIFY_ONLY; no unjustified production mutation.
47,feature,feature/chat/src/main/kotlin/com/autodrive/app/feature/chat/presentation/ChatComposer.kt,a48ac2845376f69abc8a573dec2b297c5e7ebb69f377f75a7047e3cfac0eb07f,ChatComposer,NONE,CONVERSATIONS,APP_FEATURE,true,0,2,21,3,0,0,0,0,0,11,11,0,0,2,0,0,NONE,NONE,v64,v65,DEBT_RECORDED,lexical candidates retained separately from confirmed repeated/shared findings; Material candidates=11; confirmed exact mappings=11; confirmed interactive semantics gap(s); touch-target final hitbox not asserted statically; touch-target/color-only-state final verification assigned to v65; explicit sub-48 visual size is not treated as confirmed hitbox failure because Material minimum-interactive behavior may expand it,a48ac2845376f69abc8a573dec2b297c5e7ebb69f377f75a7047e3cfac0eb07f,UNCHANGED_FROM_V59,INHERITED,INHERITED,Historical v59 row preserved,a48ac2845376f69abc8a573dec2b297c5e7ebb69f377f75a7047e3cfac0eb07f,UNCHANGED_FROM_V61,INHERITED,INHERITED,v61 state carried forward; not v62 scope,a48ac2845376f69abc8a573dec2b297c5e7ebb69f377f75a7047e3cfac0eb07f,UNCHANGED_FROM_V62,INHERITED,INHERITED,v62 state carried forward; not v63 scope,edea02de0f0752e929cb290bfc20edf1cb35e5f333c6c126ab0eef0eb46cfcac,MIGRATED_V64,0,NONE,Wave C,Official component adoption complete; behavior ownership preserved.,edea02de0f0752e929cb290bfc20edf1cb35e5f333c6c126ab0eef0eb46cfcac,VERIFIED_A11Y_CLEAN_V65,PASS_STATIC,PASS_STATIC,PASS_STATIC,PASS_STATIC,RUNTIME_BLOCKED,RUNTIME_BLOCKED,true,Wave C,,VERIFY_ONLY; no unjustified production mutation.
48,feature,feature/chat/src/main/kotlin/com/autodrive/app/feature/chat/presentation/ChatImageViewer.kt,397880dbb9fc3d8b2306ea60d1cc7a140b772ab0a1b5afbaea2aba4ddc7df6fc,ChatImageViewer,NONE,CONVERSATIONS,APP_FEATURE,true,0,0,6,0,0,0,0,0,0,2,2,0,0,0,0,0,NONE,NONE,v64,v65,DEBT_RECORDED,lexical candidates retained separately from confirmed repeated/shared findings; Material candidates=2; confirmed exact mappings=2; touch-target/color-only-state final verification assigned to v65; explicit sub-48 visual size is not treated as confirmed hitbox failure because Material minimum-interactive behavior may expand it,397880dbb9fc3d8b2306ea60d1cc7a140b772ab0a1b5afbaea2aba4ddc7df6fc,UNCHANGED_FROM_V59,INHERITED,INHERITED,Historical v59 row preserved,397880dbb9fc3d8b2306ea60d1cc7a140b772ab0a1b5afbaea2aba4ddc7df6fc,UNCHANGED_FROM_V61,INHERITED,INHERITED,v61 state carried forward; not v62 scope,397880dbb9fc3d8b2306ea60d1cc7a140b772ab0a1b5afbaea2aba4ddc7df6fc,UNCHANGED_FROM_V62,INHERITED,INHERITED,v62 state carried forward; not v63 scope,674f426342ebb1e8acbdfd86be8ec7be9f514ce80807ddb992bcc7701b4a247b,MIGRATED_V64,0,NONE,Wave C,Official component adoption complete; behavior ownership preserved.,eba44e917bc5598cd5477733ada453d1dd7776f16331f53077b91495bf7bcf50,REPAIRED_A11Y_V65,PASS_STATIC,PASS_STATIC,PASS_STATIC,PASS_STATIC,NOT_REQUIRED_STATIC,RUNTIME_BLOCKED,true,Wave C,V65-001-BB2A2B87451C,Static finding(s) repaired under frozen mutation allowlist.
49,feature,feature/chat/src/main/kotlin/com/autodrive/app/feature/chat/presentation/ChatMessageComponents.kt,6375b79497252cc9ee2c0fc8657358cdd07770826377980cb6cef30e7ac838e8,ChatMessageComponents,NONE,CONVERSATIONS,APP_FEATURE,true,0,3,50,4,0,0,0,0,0,4,3,0,0,1,0,0,NONE,NONE,v64,v65,DEBT_RECORDED,lexical candidates retained separately from confirmed repeated/shared findings; Material candidates=4; confirmed exact mappings=3; confirmed interactive semantics gap(s); touch-target final hitbox not asserted statically; touch-target/color-only-state final verification assigned to v65; explicit sub-48 visual size is not treated as confirmed hitbox failure because Material minimum-interactive behavior may expand it,6375b79497252cc9ee2c0fc8657358cdd07770826377980cb6cef30e7ac838e8,UNCHANGED_FROM_V59,INHERITED,INHERITED,Historical v59 row preserved,6375b79497252cc9ee2c0fc8657358cdd07770826377980cb6cef30e7ac838e8,UNCHANGED_FROM_V61,INHERITED,INHERITED,v61 state carried forward; not v62 scope,6375b79497252cc9ee2c0fc8657358cdd07770826377980cb6cef30e7ac838e8,UNCHANGED_FROM_V62,INHERITED,INHERITED,v62 state carried forward; not v63 scope,2d2ab3de4a0a9ef7809d640876753e4e2f77fa2b01cbedc3a63cd3d1398a658b,MIGRATED_V64,0,RESOLVED_V64,Wave C,Official component adoption complete; behavior ownership preserved.,afde3138f1eb5780bfd75ee9cd409e9218b08ceed27a10a39dce9b0d4e01a2cd,REPAIRED_A11Y_V65,PASS_STATIC,RUNTIME_BLOCKED,PASS_STATIC,PASS_STATIC,RUNTIME_BLOCKED,RUNTIME_BLOCKED,true,Wave C,V65-001-67D4E6D2ADF0|V65-002-FD99DACB76AE,Static finding(s) repaired under frozen mutation allowlist.
50,feature,feature/chat/src/main/kotlin/com/autodrive/app/feature/chat/presentation/ChatScreen.kt,d31bf1fc6c41fc4a5332bb9a4e014cc90b7d5652b7b3cdbbec116d0483b7bdf0,ChatScreen,chat/{conversationId}?title={title},CONVERSATIONS,APP_FEATURE,true,0,0,4,0,0,0,0,0,0,1,0,0,0,0,0,0,NONE,NONE,v64,v65,CLEAN_AT_BASELINE,lexical candidates retained separately from confirmed repeated/shared findings; Material candidates=1; confirmed exact mappings=0; touch-target/color-only-state final verification assigned to v65; explicit sub-48 visual size is not treated as confirmed hitbox failure because Material minimum-interactive behavior may expand it,d31bf1fc6c41fc4a5332bb9a4e014cc90b7d5652b7b3cdbbec116d0483b7bdf0,UNCHANGED_FROM_V59,INHERITED,INHERITED,Historical v59 row preserved,d31bf1fc6c41fc4a5332bb9a4e014cc90b7d5652b7b3cdbbec116d0483b7bdf0,UNCHANGED_FROM_V61,INHERITED,INHERITED,v61 state carried forward; not v62 scope,d31bf1fc6c41fc4a5332bb9a4e014cc90b7d5652b7b3cdbbec116d0483b7bdf0,UNCHANGED_FROM_V62,INHERITED,INHERITED,v62 state carried forward; not v63 scope,f7601b536ddf504ff3714c6b5b19e935fd568156cab741ae63fba29ed9bc3dc8,MIGRATED_V64,0,RESOLVED_V64,Wave C,Official component adoption complete; behavior ownership preserved.,f7601b536ddf504ff3714c6b5b19e935fd568156cab741ae63fba29ed9bc3dc8,VERIFIED_A11Y_CLEAN_V65,PASS_STATIC,PASS_STATIC,PASS_STATIC,PASS_STATIC,NOT_REQUIRED_STATIC,RUNTIME_BLOCKED,true,Wave C,,VERIFY_ONLY; no unjustified production mutation.
51,feature,feature/chat/src/main/kotlin/com/autodrive/app/feature/chat/presentation/NewChatDialog.kt,cf9367823569821345580c8e66ac01f850580105560ceeb401158331e92f9b3b,NewChatDialog,NONE,CONVERSATIONS,APP_FEATURE,true,0,0,0,0,0,0,0,0,0,0,0,0,0,0,0,0,DS-CMP-001|DS-CMP-002|DS-CMP-006|DS-CMP-020|DS-PAT-010,NONE,v64,v65,CLEAN_AT_BASELINE,touch-target/color-only-state final verification assigned to v65; explicit sub-48 visual size is not treated as confirmed hitbox failure because Material minimum-interactive behavior may expand it,cf9367823569821345580c8e66ac01f850580105560ceeb401158331e92f9b3b,UNCHANGED_FROM_V59,INHERITED,INHERITED,Historical v59 row preserved,cf9367823569821345580c8e66ac01f850580105560ceeb401158331e92f9b3b,UNCHANGED_FROM_V61,INHERITED,INHERITED,v61 state carried forward; not v62 scope,cf9367823569821345580c8e66ac01f850580105560ceeb401158331e92f9b3b,UNCHANGED_FROM_V62,INHERITED,INHERITED,v62 state carried forward; not v63 scope,cf9367823569821345580c8e66ac01f850580105560ceeb401158331e92f9b3b,VERIFIED_CLEAN_CARRY_FORWARD,0,NONE,Wave C,No production edit; v63 hash preserved.,cf9367823569821345580c8e66ac01f850580105560ceeb401158331e92f9b3b,VERIFIED_A11Y_CLEAN_V65,PASS_STATIC,PASS_STATIC,PASS_STATIC,PASS_STATIC,NOT_REQUIRED_STATIC,RUNTIME_BLOCKED,true,Wave C,,VERIFY_ONLY; no unjustified production mutation.
52,feature,feature/commission/src/main/kotlin/com/autodrive/app/feature/commission/presentation/CommissionEntryComponents.kt,7dd23b0bf3a3692f472f75d741c6a4c8f3fa67c8e9701ec7c911e0b5a862b2d6,CommissionEntryComponents,NONE,COMMISSION,APP_FEATURE,true,0,0,12,2,0,0,0,0,0,6,6,0,0,0,0,0,DS-CMP-001,NONE,v64,v65,DEBT_RECORDED,lexical candidates retained separately from confirmed repeated/shared findings; Material candidates=6; confirmed exact mappings=6; touch-target/color-only-state final verification assigned to v65; explicit sub-48 visual size is not treated as confirmed hitbox failure because Material minimum-interactive behavior may expand it,7dd23b0bf3a3692f472f75d741c6a4c8f3fa67c8e9701ec7c911e0b5a862b2d6,UNCHANGED_FROM_V59,INHERITED,INHERITED,Historical v59 row preserved,7dd23b0bf3a3692f472f75d741c6a4c8f3fa67c8e9701ec7c911e0b5a862b2d6,UNCHANGED_FROM_V61,INHERITED,INHERITED,v61 state carried forward; not v62 scope,7dd23b0bf3a3692f472f75d741c6a4c8f3fa67c8e9701ec7c911e0b5a862b2d6,UNCHANGED_FROM_V62,INHERITED,INHERITED,v62 state carried forward; not v63 scope,e379ff14b8b6cc5a7aa8b4eaccb5f6fc08ccc86d640ffa061c20793171dabbf0,MIGRATED_V64,0,NONE,Wave A,Official component adoption complete; behavior ownership preserved.,b2efc87242960f557e0c7d86f75f2690351aeb78e30908c2b2f4948a49246135,REPAIRED_A11Y_V65,PASS_STATIC,RUNTIME_BLOCKED,PASS_STATIC,PASS_STATIC,RUNTIME_BLOCKED,PASS_STATIC_RTL_SOURCE,true,Wave C,V65-001-8AFF406A81C7,Static finding(s) repaired under frozen mutation allowlist.
53,feature,feature/commission/src/main/kotlin/com/autodrive/app/feature/commission/presentation/CommissionReportScreen.kt,667226b3d182a8f043073e523262bc32e55f001ed3d54fa2e9f28e580d5bc539,CommissionReportScreen,commission_report,COMMISSION,APP_FEATURE,true,0,0,8,2,0,0,0,0,0,2,1,0,0,0,0,0,NONE,NONE,v64,v65,DEBT_RECORDED,lexical candidates retained separately from confirmed repeated/shared findings; Material candidates=2; confirmed exact mappings=1; touch-target/color-only-state final verification assigned to v65; explicit sub-48 visual size is not treated as confirmed hitbox failure because Material minimum-interactive behavior may expand it,667226b3d182a8f043073e523262bc32e55f001ed3d54fa2e9f28e580d5bc539,UNCHANGED_FROM_V59,INHERITED,INHERITED,Historical v59 row preserved,667226b3d182a8f043073e523262bc32e55f001ed3d54fa2e9f28e580d5bc539,UNCHANGED_FROM_V61,INHERITED,INHERITED,v61 state carried forward; not v62 scope,667226b3d182a8f043073e523262bc32e55f001ed3d54fa2e9f28e580d5bc539,UNCHANGED_FROM_V62,INHERITED,INHERITED,v62 state carried forward; not v63 scope,af1fbe1c263f84b77e1ca54e0e0047b467fa59c12b3e4cdc5102d2cec217a45e,MIGRATED_V64,0,RESOLVED_V64,Wave A,Official component adoption complete; behavior ownership preserved.,af1fbe1c263f84b77e1ca54e0e0047b467fa59c12b3e4cdc5102d2cec217a45e,VERIFIED_A11Y_CLEAN_V65,PASS_STATIC,PASS_STATIC,PASS_STATIC,PASS_STATIC,NOT_REQUIRED_STATIC,PASS_STATIC_RTL_SOURCE,false,Wave C,,VERIFY_ONLY; no unjustified production mutation.
54,feature,feature/commission/src/main/kotlin/com/autodrive/app/feature/commission/presentation/CommissionStatusBadge.kt,d01cae03a44545c945b2a6519ada4e73af66eaf21dc2b1e12a4b1270e11ecb22,CommissionStatusBadge,NONE,COMMISSION,APP_FEATURE,false,0,0,3,1,0,0,0,0,0,0,0,0,0,0,0,0,NONE,NONE,v64,NOT_APPLICABLE,CLEAN_AT_BASELINE,lexical candidates retained separately from confirmed repeated/shared findings,d01cae03a44545c945b2a6519ada4e73af66eaf21dc2b1e12a4b1270e11ecb22,UNCHANGED_FROM_V59,INHERITED,INHERITED,Historical v59 row preserved,d01cae03a44545c945b2a6519ada4e73af66eaf21dc2b1e12a4b1270e11ecb22,UNCHANGED_FROM_V61,INHERITED,INHERITED,v61 state carried forward; not v62 scope,d01cae03a44545c945b2a6519ada4e73af66eaf21dc2b1e12a4b1270e11ecb22,UNCHANGED_FROM_V62,INHERITED,INHERITED,v62 state carried forward; not v63 scope,494546a101095f27a010e16c2dfb35f85cc2e22881a9169f70fc50743397091b,MIGRATED_V64,0,NONE,Wave A,Official component adoption complete; behavior ownership preserved.,494546a101095f27a010e16c2dfb35f85cc2e22881a9169f70fc50743397091b,RECLASSIFIED_V65,PASS_STATIC,PASS_STATIC,PASS_STATIC,PASS_STATIC,NOT_REQUIRED_STATIC,PASS_STATIC_RTL_SOURCE,false,Wave C,,status surface: text label is accessible source of truth; tone supplemental VERIFY_ONLY; no unjustified production mutation. Visible WITHDRAWABLE/PENDING/PAID mapping remains source of truth; no mutation required.
55,feature,feature/notifications/src/main/kotlin/com/autodrive/app/feature/notifications/presentation/NotificationsScreen.kt,d30172be7085bad9db3511ab78afba95a4210d571c32f49038d17c76082a880d,NotificationsScreen,notifications,NOTIFICATIONS,APP_FEATURE,true,0,0,12,2,0,0,0,0,0,3,1,0,0,0,0,0,NONE,NONE,v64,v65,DEBT_RECORDED,lexical candidates retained separately from confirmed repeated/shared findings; Material candidates=3; confirmed exact mappings=1; touch-target/color-only-state final verification assigned to v65; explicit sub-48 visual size is not treated as confirmed hitbox failure because Material minimum-interactive behavior may expand it,d30172be7085bad9db3511ab78afba95a4210d571c32f49038d17c76082a880d,UNCHANGED_FROM_V59,INHERITED,INHERITED,Historical v59 row preserved,d30172be7085bad9db3511ab78afba95a4210d571c32f49038d17c76082a880d,UNCHANGED_FROM_V61,INHERITED,INHERITED,v61 state carried forward; not v62 scope,d30172be7085bad9db3511ab78afba95a4210d571c32f49038d17c76082a880d,UNCHANGED_FROM_V62,INHERITED,INHERITED,v62 state carried forward; not v63 scope,e72d8f39fc5e1a630b75f5e3fa1fd29249ced61348cebe48aab591fdde8fc757,MIGRATED_V64,0,RESOLVED_V64,Wave A,Official component adoption complete; behavior ownership preserved.,7e33c028676e7db03e0852a877d74b35273cabeac00ffea6332ab72ef073161b,REPAIRED_A11Y_V65,PASS_STATIC,RUNTIME_BLOCKED,PASS_STATIC,PASS_STATIC,RUNTIME_BLOCKED,PASS_STATIC_RTL_SOURCE,true,Wave C,V65-001-57A83D9C9575,Static finding(s) repaired under frozen mutation allowlist.
56,feature,feature/profile/src/main/kotlin/com/autodrive/app/feature/profile/presentation/ProfileScreen.kt,ca0b1e33ad406452d5f4511df85e244125bf19113f953fa50261cbf1a27fb198,ProfileScreen,profile,SETTINGS,APP_FEATURE,true,0,0,0,0,0,0,0,0,0,0,0,0,0,0,0,0,DS-CMP-001|DS-CMP-003|DS-CMP-005|DS-CMP-006|DS-CMP-008|DS-CMP-009|DS-CMP-014|DS-CMP-019|DS-CMP-020|DS-CMP-021|DS-CMP-024|DS-PAT-001|DS-PAT-007|DS-PAT-008|DS-PAT-014,NONE,v63,v65,CLEAN_AT_BASELINE,touch-target/color-only-state final verification assigned to v65; explicit sub-48 visual size is not treated as confirmed hitbox failure because Material minimum-interactive behavior may expand it,ca0b1e33ad406452d5f4511df85e244125bf19113f953fa50261cbf1a27fb198,UNCHANGED_FROM_V59,INHERITED,INHERITED,Historical v59 row preserved,ca0b1e33ad406452d5f4511df85e244125bf19113f953fa50261cbf1a27fb198,UNCHANGED_FROM_V61,INHERITED,INHERITED,v61 state carried forward; not v62 scope,ca0b1e33ad406452d5f4511df85e244125bf19113f953fa50261cbf1a27fb198,VERIFIED_CLEAN_CARRY_FORWARD,0,0,ProfileScreen byte-identical; SETTINGS_V1 behavior/navigation/ViewModel flow unchanged.,ca0b1e33ad406452d5f4511df85e244125bf19113f953fa50261cbf1a27fb198,UNCHANGED_FROM_V63,0,NONE,,Carry-forward outside v64 component-adoption target.,ca0b1e33ad406452d5f4511df85e244125bf19113f953fa50261cbf1a27fb198,VERIFIED_A11Y_CLEAN_V65,PASS_STATIC,PASS_STATIC,PASS_STATIC,PASS_STATIC,NOT_REQUIRED_STATIC,PASS_STATIC_RTL_SOURCE,true,Wave B,,VERIFY_ONLY; no unjustified production mutation.
